Symbol,Name
A,Agilent Technologies Inc.
AA,Alcoa Corporation
AACB,Artius II Acquisition Inc.
AACBR,Artius II Acquisition Inc.
AACBU,Artius II Acquisition Inc.
AACG,ATA Creativity Global
AAL,American Airlines Group Inc.
AAME,Atlantic American Corporation
AAMI,Acadian Asset Management Inc.
AAOI,Applied Optoelectronics Inc.
AAON,AAON Inc.
AAP,Advance Auto Parts Inc.
AAPG,Ascentage Pharma Group International American Depository Shares
AAPL,Apple Inc.
AARD,Aardvark Therapeutics Inc.
AAT,American Assets Trust Inc.
AAUC,Allied Gold Corporation
AB,AllianceBernstein Holding L.P.
ABAT,American Battery Technology Company
ABBV,AbbVie Inc.
ABCB,Ameris Bancorp
ABCL,AbCellera Biologics Inc.
ABEO,Abeona Therapeutics Inc.
ABEV,Ambev S.A. (
ABG,Asbury Automotive Group Inc
ABLV,Able View Global Inc. Class B
ABLVW,Able View Global Inc. Warrant
ABM,ABM Industries Incorporated
ABNB,Airbnb Inc.
ABOS,Acumen Pharmaceuticals Inc.
ABP,Abpro Holdings Inc
ABPWW,Abpro Holdings Inc. Warrant
ABR,Arbor Realty Trust
ABR^D,Arbor Realty Trust 6.375% Series D Cumulative Redeemable Preferred Stock Liquidation Preference $25.00 per Share
ABR^E,Arbor Realty Trust 6.25% Series E Cumulative Redeemable Preferred Stock
ABR^F,Arbor Realty Trust 6.25% Series F Fixed-to-Floating Rate Cumulative Redeemable Preferred Stock Liquidation Preference $25.00 per share
ABSI,Absci Corporation
ABT,Abbott Laboratories
ABTC,American Bitcoin Corp.
ABTS,Abits Group Inc
ABUS,Arbutus Biopharma Corporation
ABVC,ABVC BioPharma Inc.
ABVE,Above Food Ingredients Inc.
ABVEW,Above Food Ingredients Inc. Warrants
ABVX,Abivax SA
ABX,Abacus Global Management Inc.
ABXL,Abacus Global Management Inc. 9.875% Fixed Rate Senior Notes due 2028
ACA,Arcosa Inc.
ACAD,ACADIA Pharmaceuticals Inc.
ACB,Aurora Cannabis Inc.
ACCL,Acco Group Holdings Limited
ACCO,Acco Brands Corporation
ACCS,ACCESS Newswire Inc.
ACDC,ProFrac Holding Corp.
ACEL,Accel Entertainment Inc.
ACET,Adicet Bio Inc.
ACFN,Acorn Energy Inc.
ACGL,Arch Capital Group Ltd.
ACGLN,Arch Capital Group Ltd.
ACGLO,Arch Capital Group Ltd.
ACH,Accendra Health Inc.
ACHC,Acadia Healthcare Company Inc.
ACHR,Archer Aviation Inc.
ACHV,Achieve Life Sciences Inc.
ACI,Albertsons Companies Inc.
ACIC,American Coastal Insurance Corporation
ACIU,AC Immune SA
ACIW,ACI Worldwide Inc.
ACLS,Axcelis Technologies Inc.
ACLX,Arcellx Inc.
ACM,AECOM
ACMR,ACM Research Inc.
ACN,Accenture plc (Ireland)
ACNB,ACNB Corporation
ACNT,Ascent Industries Co.
ACOG,Alpha Cognition Inc.
ACON,Aclarion Inc.
ACONW,Aclarion Inc. Warrant
ACP,abrdn Income Credit Strategies Fund
ACP^A,abrdn Income Credit Strategies Fund 5.250% Series A Perpetual Preferred Stock
ACR,ACRES Commercial Realty Corp.
ACR^C,ACRES Commercial Realty Corp. 8.625% Fixed-to-Floating Series C Cumulative Redeemable Preferred Stock
ACR^D,ACRES Commercial Realty Corp. 7.875% Series D Cumulative Redeemable Preferred Stock
ACRE,Ares Commercial Real Estate Corporation
ACRS,Aclaris Therapeutics Inc.
ACRV,Acrivon Therapeutics Inc.
ACT,Enact Holdings Inc.
ACTG,Acacia Research Corporation (Acacia Tech)
ACTU,Actuate Therapeutics Inc.
ACU,Acme United Corporation.
ACV,Virtus Diversified Income & Convertible Fund of Beneficial Interest
ACVA,ACV Auctions Inc.
ACXP,Acurx Pharmaceuticals Inc.
AD,Array Digital Infrastructure Inc.
ADAC,American Drive Acquisition Company
ADACU,American Drive Acquisition Company
ADACW,American Drive Acquisition Company Warrant
ADAG,Adagene Inc.
ADAM,Adamas Trust Inc.
ADAMG,Adamas Trust Inc. 9.125% Senior Notes Due 2030
ADAMH,Adamas Trust Inc. 9.875% Senior Notes Due 2030
ADAMI,Adamas Trust Inc. 9.125% Senior Notes Due 2029
ADAML,Adamas Trust Inc. 6.875% Series F Fixed-to-Floating Rate Cumulative Redeemable Preferred Stock $0.01 par value per share
ADAMM,Adamas Trust Inc. 7.875% Series E Fixed-to-Floating Rate Cumulative Redeemable Preferred Stock
ADAMN,Adamas Trust Inc. 8.00% Series D Fixed-to-Floating Rate Cumulative Redeemable Preferred Stock
ADAMO,Adamas Trust Inc. 9.250% Senior Notes Due 2031
ADAMZ,Adamas Trust Inc. 7.000% Series G Cumulative Redeemable Preferred Stock $0.01 par value per share
ADBE,Adobe Inc.
ADC,Agree Realty Corporation
ADC^A,Agree Realty Corporation
ADCT,ADC Therapeutics SA
ADEA,Adeia Inc.
ADGM,Adagio Medical Holdings Inc
ADI,Analog Devices Inc.
ADIL,Adial Pharmaceuticals Inc
ADM,Archer-Daniels-Midland Company
ADMA,ADMA Biologics Inc
ADNT,Adient plc
ADP,Automatic Data Processing Inc.
ADPT,Adaptive Biotechnologies Corporation
ADSE,-TEC ENERGY PLC
ADSEW,-TEC ENERGY PLC Warrant
ADSK,Autodesk Inc.
ADT,ADT Inc.
ADTN,ADTRAN Holdings Inc.
ADTX,Aditxt Inc.
ADUR,Aduro Clean Technologies Inc.
ADUS,Addus HomeCare Corporation
ADV,Advantage Solutions Inc.
ADVB,Advanced Biomed Inc.
ADX,Adams Diversified Equity Fund Inc.
ADXN,Addex Therapeutics Ltd
AEAQ,Activate Energy Acquisition Corp.
AEAQU,Activate Energy Acquisition Corp. Unit
AEAQW,Activate Energy Acquisition Corp. Warrant
AEBI,Aebi Schmidt Holding AG
AEC,Anfield Energy Inc.
AEE,Ameren Corporation
AEF,abrdn Emerging Markets ex-China Fund Inc.
AEFC,Aegon Funding Company LLC 5.10% Subordinated Notes due 2049
AEG,Aegon Ltd. New York Registry Shares
AEHL,Antelope Enterprise Holdings Limited
AEHR,Aehr Test Systems
AEI,Alset Inc. (TX)
AEIS,Advanced Energy Industries Inc.
AEM,Agnico Eagle Mines Limited
AEMD,Aethlon Medical Inc.
AENT,Alliance Entertainment Holding Corporation
AENTW,Alliance Entertainment Holding Corporation Warrant
AEO,American Eagle Outfitters Inc.
AEON,AEON Biopharma Inc.
AEP,American Electric Power Company Inc.
AER,AerCap Holdings N.V.
AERO,Grupo Aeromexico S.A.B. de C.V. (
AERT,Aeries Technology Inc.
AERTW,Aeries Technology Inc. Warrant
AES,The AES Corporation
AESI,Atlas Energy Solutions Inc.
AEVA,Aeva Technologies Inc.
AEVAW,Aeva Technologies Inc. Warrants
AEXA,American Exceptionalism Acquisition Corp. A
AEYE,AudioEye Inc.
AFB,AllianceBernstein National Municipal Income Fund Inc
AFBI,Affinity Bancshares Inc. (MD)
AFCG,Advanced Flower Capital Inc.
AFG,American Financial Group Inc.
AFGB,American Financial Group Inc. 5.875% Subordinated Debentures due 2059
AFGC,American Financial Group Inc. 5.125% Subordinated Debentures due 2059
AFGD,American Financial Group Inc. 5.625% Subordinated Debentures due 2060
AFGE,American Financial Group Inc. 4.500% Subordinated Debentures due 2060
AFJK,Aimei Health Technology Co. Ltd
AFJKR,Aimei Health Technology Co. Ltd Right
AFJKU,Aimei Health Technology Co. Ltd Unit
AFL,AFLAC Incorporated
AFRI,Forafric Global PLC
AFRIW,Forafric Global PLC Warrants
AFRM,Affirm Holdings Inc.
AFYA,Afya Limited
AG,First Majestic Silver Corp. (Canada)
AGAE,Allied Gaming & Entertainment Inc.
AGBK,AGI Inc
AGCC,Agencia Comercial Spirits Ltd
AGCO,AGCO Corporation
AGD,abrdn Global Dynamic Dividend Fund of Beneficial Interest
AGEN,Agenus Inc.
AGH,Aureus Greenway Holdings Inc.
AGI,Alamos Gold Inc.
AGIG,Abundia Global Impact Group Inc.
AGIO,Agios Pharmaceuticals Inc.
AGL,agilon health inc.
AGM,Federal Agricultural Mortgage Corporation
AGM^D,Federal Agricultural Mortgage Corporation 5.700% Non-Cumulative Preferred Stock Series D
AGM^E,Federal Agricultural Mortgage Corporation 5.750% Non-Cumulative Preferred Stock Series E
AGM^F,Federal Agricultural Mortgage Corporation 5.250% Non-Cumulative Preferred Stock Series F
AGM^G,Federal Agricultural Mortgage Corporation 4.875% Non-Cumulative Preferred Stock Series G
AGM^H,Federal Agricultural Mortgage Corporation 6.500% Non-Cumulative Preferred Stock Series H
AGMB,AgomAb Therapeutics NV
AGMH,AGM Group Holdings Inc.
AGNC,AGNC Investment Corp.
AGNCL,AGNC Investment Corp.
AGNCM,AGNC Investment Corp. rep 6.875% Series D Fixed-to-Floating Cumulative Redeemable Preferred Stock
AGNCN,AGNC Investment Corp.
AGNCO,AGNC Investment Corp.
AGNCP,AGNC Investment Corp.
AGNCZ,AGNC Investment Corp.
AGO,Assured Guaranty Ltd.
AGPU,Axe Compute Inc.
AGRO,Adecoagro S.A.
AGRZ,Agroz Inc.
AGX,Argan Inc.
AGYS,Agilysys Inc. (DE)
AHCO,AdaptHealth Corp.
AHG,Akso Health Group
AHH,Armada Hoffler Properties Inc.
AHH^A,Armada Hoffler Properties Inc. 6.75% Series A Cumulative Redeemable Perpetual Preferred Stock
AHL,Aspen Insurance Holdings Limited
AHL^D,Aspen Insurance Holdings Limited 5.625% Perpetual Non-Cumulative Preference Shares
AHL^E,Aspen Insurance Holdings Limited
AHL^F,Aspen Insurance Holdings Limited
AHMA,Ambitions Enterprise Management Co. L.L.C
AHR,American Healthcare REIT Inc.
AHT,Ashford Hospitality Trust Inc
AHT^D,Ashford Hospitality Trust Inc 8.45% Series D Cumulative Preferred Stock
AHT^F,Ashford Hospitality Trust Inc 7.375% Series F Cumulative Preferred Stock
AHT^G,Ashford Hospitality Trust Inc 7.375% Series G Cumulative Preferred Stock
AHT^H,Ashford Hospitality Trust Inc 7.50% Series H Cumulative Preferred Stock
AHT^I,Ashford Hospitality Trust Inc 7.50% Series I Cumulative Preferred Stock
AI,C3.ai Inc.
AIFF,Firefly Neuroscience Inc.
AIFU,AIFU Inc.
AIG,American International Group Inc. New
AIHS,Senmiao Technology Limited
AII,American Integrity Insurance Group Inc.
AIIA,AI Infrastructure Acquisition Corp.
AIIO,Robo.ai Inc. Class B
AIIOW,Robo.ai Inc. Warrant
AIM,AIM ImmunoTech Inc.
AIMD,Ainos Inc.
AIMDW,Ainos Inc. Warrants
AIN,Albany International Corporation
AIO,Virtus Artificial Intelligence & Technology Opportunities Fund of Beneficial Interest
AIOS,AIOS Tech Inc.
AIOT,PowerFleet Inc.
AIP,Arteris Inc.
AIR,AAR Corp.
AIRE,reAlpha Tech Corp.
AIRG,Airgain Inc.
AIRI,Air Industries Group
AIRJ,AirJoule Technologies Corporation
AIRJW,AirJoule Technologies Corporation Warrant
AIRO,AIRO Group Holdings Inc.
AIRS,AirSculpt Technologies Inc.
AIRT,Air T Inc.
AIRTP,Air T Inc. Air T Funding Alpha Income Trust Preferred Securities
AISP,Airship AI Holdings Inc.
AISPW,Airship AI Holdings Inc. Warrants
AIT,Applied Industrial Technologies Inc.
AIV,Apartment Investment and Management Company
AIXC,AIxCrypto Holdings Inc.
AIXI,XIAO-I Corporation
AIZ,Assurant Inc.
AIZN,Assurant Inc. 5.25% Subordinated Notes due 2061
AJG,Arthur J. Gallagher & Co.
AKA,a.k.a. Brands Holding Corp.
AKAM,Akamai Technologies Inc.
AKAN,Akanda Corp.
AKBA,Akebia Therapeutics Inc.
AKO/A,Embotelladora Andina S.A.
AKO/B,Embotelladora Andina S.A.
AKR,Acadia Realty Trust
AKTS,Aktis Oncology Inc.
AKTX,Akari Therapeutics plc
AL,Air Lease Corporation
ALAB,Astera Labs Inc.
ALAR,Alarum Technologies Ltd. American Depositary Share
ALB,Albemarle Corporation
ALB^A,Albemarle Corporation
ALBT,Avalon GloboCare Corp.
ALC,Alcon Inc.
ALCO,Alico Inc.
ALCY,Alchemy Investments Acquisition Corp 1
ALCYW,Alchemy Investments Acquisition Corp 1 Warrants
ALDF,Aldel Financial II Inc.
ALDFU,Aldel Financial II Inc.
ALDFW,Aldel Financial II Inc. Warrants
ALDX,Aldeyra Therapeutics Inc.
ALEC,Alector Inc.
ALEX,Alexander & Baldwin Inc. REIT Holding Company
ALF,Centurion Acquisition Corp.
ALFUW,Centurion Acquisition Corp. Warrant
ALG,Alamo Group Inc.
ALGM,Allegro MicroSystems Inc.
ALGN,Align Technology Inc.
ALGS,Aligos Therapeutics Inc.
ALGT,Allegiant Travel Company
ALH,Alliance Laundry Holdings Inc.
ALHC,Alignment Healthcare Inc.
ALIS,Calisa Acquisition Corp
ALISR,Calisa Acquisition Corp Right
ALIT,Alight Inc.
ALK,Alaska Air Group Inc.
ALKS,Alkermes plc
ALKT,Alkami Technology Inc.
ALL,Allstate Corporation (The)
ALL^B,Allstate Corporation (The) 5.100% Fixed-to-Floating Rate Subordinated Debentures due 2053
ALL^H,Allstate Corporation (The)
ALL^I,Allstate Corporation (The)
ALL^J,Allstate Corporation (The)
ALLE,Allegion plc
ALLO,Allogene Therapeutics Inc.
ALLR,Allarity Therapeutics Inc.
ALLT,Allot Ltd.
ALLY,Ally Financial Inc.
ALM,Almonty Industries Inc.
ALMS,Alumis Inc.
ALMU,Aeluma Inc.
ALNT,Allient Inc.
ALNY,Alnylam Pharmaceuticals Inc.
ALOT,AstroNova Inc.
ALOVU,Aldabra 4 Liquidity Opportunity Vehicle Inc.
ALPS,ALPS Group Inc
ALRM,Alarm.com Holdings Inc.
ALRS,Alerus Financial Corporation
ALSN,Allison Transmission Holdings Inc.
ALT,Altimmune Inc.
ALTG,Alta Equipment Group Inc.
ALTG^A,Alta Equipment Group Inc. (
ALTI,AlTi Global Inc.
ALTO,Alto Ingredients Inc.
ALTS,ALT5 Sigma Corporation
ALUB,Alussa Energy Acquisition Corp. II
ALUR,Allurion Technologies Inc.
ALV,Autoliv Inc.
ALVO,Alvotech
ALVOW,Alvotech Warrant
ALX,Alexander's Inc.
ALXO,ALX Oncology Holdings Inc.
ALZN,Alzamend Neuro Inc.
AM,Antero Midstream Corporation
AMAL,Amalgamated Financial Corp. (DE)
AMAT,Applied Materials Inc.
AMBA,Ambarella Inc.
AMBO,Ambow Education Holding Ltd. American Depository Shares (
AMBP,Ardagh Metal Packaging S.A.
AMBQ,Ambiq Micro Inc.
AMBR,Amber International Holding Limited
AMC,AMC Entertainment Holdings Inc.
AMCI,AMC Robotics Corporation
AMCR,Amcor plc
AMCX,AMC Networks Inc.
AMD,Advanced Micro Devices Inc.
AME,AMETEK Inc.
AMG,Affiliated Managers Group Inc.
AMGN,Amgen Inc.
AMH,American Homes 4 Rent of Beneficial Interest
AMH^G,American Homes 4 Rent Series G cumulative redeemable perpetual preferred shares of beneficial interest
AMH^H,American Homes 4 Rent Series H cumulative redeemable perpetual Preferred Shares of Beneficial Interest
AMIX,Autonomix Medical Inc.
AMKR,Amkor Technology Inc.
AMLX,Amylyx Pharmaceuticals Inc.
AMN,AMN Healthcare Services Inc
AMOD,Alpha Modus Holdings Inc.
AMODW,Alpha Modus Holdings Inc. Warrant
AMP,Ameriprise Financial Inc.
AMPG,Amplitech Group Inc.
AMPGR,Amplitech Group Inc. Series A Right
AMPGW,Amplitech Group Inc. Warrants
AMPGZ,Amplitech Group Inc. Series B Right
AMPH,Amphastar Pharmaceuticals Inc.
AMPL,Amplitude Inc.
AMPX,Amprius Technologies Inc.
AMPY,Amplify Energy Corp.
AMR,Alpha Metallurgical Resources Inc.
AMRC,Ameresco Inc.
AMRN,Amarin Corporation plc
AMRX,Amneal Pharmaceuticals Inc.
AMRZ,Amrize Ltd
AMS,American Shared Hospital Services
AMSC,American Superconductor Corporation
AMSF,AMERISAFE Inc.
AMST,Amesite Inc.
AMT,American Tower Corporation (REIT)
AMTB,Amerant Bancorp Inc.
AMTD,AMTD IDEA Group
AMTM,Amentum Holdings Inc.
AMTX,Aemetis Inc. (DE)
AMWD,American Woodmark Corporation
AMWL,American Well Corporation
AMX,America Movil S.A.B. de C.V. (
AMZE,Amaze Holdings Inc.
AMZN,Amazon.com Inc.
AN,AutoNation Inc.
ANAB,AnaptysBio Inc.
ANDE,Andersons Inc. (The)
ANDG,Andersen Group Inc.
ANEB,Anebulo Pharmaceuticals Inc.
ANET,Arista Networks Inc.
ANF,Abercrombie & Fitch Company
ANG^D,American National Group Inc.
ANGH,Anghami Inc.
ANGHW,Anghami Inc. Warrants
ANGI,Angi Inc.
ANGO,AngioDynamics Inc.
ANGX,Angel Studios Inc.
ANIK,Anika Therapeutics Inc.
ANIP,ANI Pharmaceuticals Inc.
ANIX,Anixa Biosciences Inc.
ANL,Adlai Nortye Ltd.
ANNA,AleAnna Inc.
ANNAW,AleAnna Inc. Warrant
ANNX,Annexon Inc.
ANPA,Rich Sparkle Holdings Limited
ANRO,Alto Neuroscience Inc.
ANSC,Agriculture & Natural Solutions Acquisition Corporation
ANSCU,Agriculture & Natural Solutions Acquisition Corporation Unit
ANSCW,Agriculture & Natural Solutions Acquisition Corporation Warrant
ANTA,Antalpha Platform Holding Company
ANTX,AN2 Therapeutics Inc.
ANVS,Annovis Bio Inc.
ANY,Sphere 3D Corp.
AOD,abrdn Total Dynamic Dividend Fund of Beneficial Interest
AOMD,Angel Oak Mortgage REIT Inc. 9.750% Senior Notes due 2030
AOMN,Angel Oak Mortgage REIT Inc. 9.500% Senior Notes due 2029
AOMR,Angel Oak Mortgage REIT Inc.
AON,Aon plc (Ireland)
AORT,Artivion Inc.
AOS,A.O. Smith Corporation
AOSL,Alpha and Omega Semiconductor Limited
AOUT,American Outdoor Brands Inc.
AP,Ampco-Pittsburgh Corporation
APA,APA Corporation
APAC,StoneBridge Acquisition II Corporation
APACR,StoneBridge Acquisition II Corporation
APACU,StoneBridge Acquisition II Corporation
APAD,A Paradise Acquisition Corp.
APADR,A Paradise Acquisition Corp.
APADU,A Paradise Acquisition Corp. Unit
APAM,Artisan Partners Asset Management Inc.
APC,ARKO Petroleum Corp.
APD,Air Products and Chemicals Inc.
APEI,American Public Education Inc.
APG,APi Group Corporation
APGE,Apogee Therapeutics Inc.
APH,Amphenol Corporation
API,Agora Inc.
APLD,Applied Digital Corporation
APLE,Apple Hospitality REIT Inc.
APLM,Apollomics Inc.
APLS,Apellis Pharmaceuticals Inc.
APM,Aptorum Group Limited
APO,Apollo Global Management Inc. (New)
APO^A,Apollo Global Management Inc. 6.75% Series A Mandatory Convertible Preferred Stock
APOG,Apogee Enterprises Inc.
APOS,Apollo Global Management Inc. 7.625% Fixed-Rate Resettable Junior Subordinated Notes due 2053
APP,Applovin Corporation
APPF,AppFolio Inc.
APPN,Appian Corporation
APPS,Digital Turbine Inc.
APRE,Aprea Therapeutics Inc.
APT,Alpha Pro Tech Ltd.
APTV,Aptiv PLC
APUS,Apimeds Pharmaceuticals US Inc.
APVO,Aptevo Therapeutics Inc.
APWC,Asia Pacific Wire & Cable Corporation Ltd. (Bermuda)
APXT,Apex Treasury Corporation
APXTU,Apex Treasury Corporation
APXTW,Apex Treasury Corporation Warrants
APYX,Apyx Medical Corporation
AQB,AquaBounty Technologies Inc.
AQMS,Aqua Metals Inc.
AQN,Algonquin Power & Utilities Corp.
AQNB,Algonquin Power & Utilities Corp. 6.20% Fixed-to-Floating Subordinated Notes Series 2019-A due July 1 2079
AQST,Aquestive Therapeutics Inc.
AR,Antero Resources Corporation
ARAI,Arrive AI Inc.
ARAY,Accuray Incorporated
ARBB,ARB IOT Group Limited
ARBE,Arbe Robotics Ltd.
ARBEW,Arbe Robotics Ltd. Warrant
ARBK,Argo Blockchain plc
ARCB,ArcBest Corporation
ARCC,Ares Capital Corporation
ARCIU,Archimedes Tech SPAC Partners III Co.
ARCO,Arcos Dorados Holdings Inc. Shares
ARCT,Arcturus Therapeutics Holdings Inc.
ARDC,Ares Dynamic Credit Allocation Fund Inc.
ARDT,Ardent Health Inc.
ARDX,Ardelyx Inc.
ARE,Alexandria Real Estate Equities Inc.
AREB,American Rebel Holdings Inc.
AREBW,American Rebel Holdings Inc. Warrants
AREC,American Resources Corporation
AREN,The Arena Group Holdings Inc.
ARES,Ares Management Corporation
ARES^B,Ares Management Corporation 6.75% Series B Mandatory Convertible Preferred Stock
ARGX,argenx SE
ARHS,Arhaus Inc.
ARI,Apollo Commercial Real Estate Finance Inc
ARKO,ARKO Corp.
ARKR,Ark Restaurants Corp.
ARL,American Realty Investors Inc.
ARLO,Arlo Technologies Inc.
ARLP,Alliance Resource Partners L.P. Common representing Limited Partners Interests
ARM,Arm Holdings plc
ARMK,Aramark
ARMN,Aris Mining Corporation
ARMP,Armata Pharmaceuticals Inc.
AROC,Archrock Inc.
AROW,Arrow Financial Corporation
ARQ,Arq Inc.
ARQQ,Arqit Quantum Inc.
ARQQW,Arqit Quantum Inc. Warrants
ARQT,Arcutis Biotherapeutics Inc.
ARR,ARMOUR Residential REIT Inc.
ARR^C,ARMOUR Residential REIT Inc. 7% Series C Cumulative Redeemable Preferred Stock (liquidation preference $25.00 per share)
ARRY,Array Technologies Inc.
ARTCU,Art Technology Acquisition Corp.
ARTL,Artelo Biosciences Inc.
ARTNA,Artesian Resources Corporation
ARTV,Artiva Biotherapeutics Inc.
ARTW,Art's-Way Manufacturing Co. Inc.
ARVN,Arvinas Inc.
ARW,Arrow Electronics Inc.
ARWR,Arrowhead Pharmaceuticals Inc.
ARX,Accelerant Holdings
AS,Amer Sports Inc.
ASA,ASA Gold and Precious Metals Limited
ASAN,Asana Inc.
ASB,Associated Banc-Corp
ASB^E,Associated Banc-Corp
ASB^F,Associated Banc-Corp
ASBA,Associated Banc-Corp 6.625% Fixed-Rate Reset Subordinated Notes due 2033
ASBP,Aspire Biopharma Holdings Inc.
ASBPW,Aspire Biopharma Holdings Inc. Warrant
ASC,Ardmore Shipping Corporation
ASG,Liberty All-Star Growth Fund Inc.
ASGI,abrdn Global Infrastructure Income Fund of Beneficial Interest
ASGN,ASGN Incorporated
ASH,Ashland Inc.
ASIC,Ategrity Specialty Insurance Company Holdings
ASIX,AdvanSix Inc.
ASLE,AerSale Corporation
ASM,Avino Silver & Gold Mines Ltd. (Canada)
ASMB,Assembly Biosciences Inc.
ASML,ASML Holding N.V. New York Registry Shares
ASND,Ascendis Pharma A/S
ASNS,Actelis Networks Inc.
ASO,Academy Sports and Outdoors Inc.
ASPC,A SPAC III Acquisition Corp.
ASPCR,A SPAC III Acquisition Corp. Right
ASPCU,A SPAC III Acquisition Corp. Unit
ASPI,ASP Isotopes Inc.
ASPN,Aspen Aerogels Inc.
ASPS,Altisource Portfolio Solutions S.A.
ASPSW,Altisource Portfolio Solutions S.A. Net Settle Stakeholder Warrants
ASPSZ,Altisource Portfolio Solutions S.A. Cash Exercise Stakeholder Warrants
ASR,Grupo Aeroportuario del Sureste S.A. de C.V.
ASRT,Assertio Holdings Inc.
ASRV,AmeriServ Financial Inc.
ASST,Strive Inc.
ASTC,Astrotech Corporation (DE)
ASTE,Astec Industries Inc.
ASTH,Astrana Health Inc.
ASTI,Ascent Solar Technologies Inc.
ASTL,Algoma Steel Group Inc.
ASTLW,Algoma Steel Group Inc. Warrant
ASTS,AST SpaceMobile Inc.
ASUR,Asure Software Inc
ASX,ASE Technology Holding Co. Ltd. (
ASYS,Amtech Systems Inc.
ATAI,AtaiBeckley Inc.
ATAT,Atour Lifestyle Holdings Limited
ATCH,AtlasClear Holdings Inc.
ATCX,Atlas Critical Minerals Corporation
ATEC,Alphatec Holdings Inc.
ATEN,A10 Networks Inc.
ATER,Aterian Inc.
ATEX,Anterix Inc.
ATGE,Adtalem Global Education Inc.
ATGL,Alpha Technology Group Limited
ATH^A,Athene Holding Ltd.
ATH^B,Athene Holding Ltd.
ATH^D,Athene Holding Ltd.
ATH^E,Athene Holding Ltd.
ATHE,Alterity Therapeutics Limited
ATHM,Autohome Inc.
ATHR,Aether Holdings Inc.
ATHS,Athene Holding Ltd. 7.250% Fixed-Rate Reset Junior Subordinated Debentures due 2064
ATI,ATI Inc.
ATII,Archimedes Tech SPAC Partners II Co.
ATIIW,Archimedes Tech SPAC Partners II Co. Warrant
ATKR,Atkore Inc.
ATLC,Atlanticus Holdings Corporation
ATLCL,Atlanticus Holdings Corporation 6.125% Senior Notes due 2026
ATLCP,Atlanticus Holdings Corporation 7.625% Series B no par value per share
ATLCZ,Atlanticus Holdings Corporation 9.25% Senior Notes due 2029
ATLN,Atlantic International Corp.
ATLO,Ames National Corporation
ATLX,Atlas Lithium Corporation
ATMU,Atmus Filtration Technologies Inc.
ATNI,ATN International Inc.
ATNM,Actinium Pharmaceuticals Inc. (Delaware)
ATO,Atmos Energy Corporation
ATOM,Atomera Incorporated
ATON,AlphaTON Capital Corp.
ATOS,Atossa Therapeutics Inc.
ATPC,Agape ATP Corporation
ATR,AptarGroup Inc.
ATRA,Atara Biotherapeutics Inc.
ATRC,AtriCure Inc.
ATRO,Astronics Corporation
ATS,ATS Corporation
ATXG,Addentax Group Corp.
ATYR,aTyr Pharma Inc.
AU,AngloGold Ashanti PLC
AUB,Atlantic Union Bankshares Corporation
AUB^A,Atlantic Union Bankshares Corporation
AUBN,Auburn National Bancorporation Inc.
AUDC,AudioCodes Ltd.
AUGO,Aura Minerals Inc.
AUID,authID Inc.
AUNA,Auna SA
AUPH,Aurinia Pharmaceuticals Inc
AUR,Aurora Innovation Inc.
AURA,Aura Biosciences Inc.
AURE,Aurelion Inc.
AUROW,Aurora Innovation Inc. Warrant
AUST,Austin Gold Corp.
AUTL,Autolus Therapeutics plc American Depositary Share
AUUD,Auddia Inc.
AUUDW,Auddia Inc. Warrants
AVA,Avista Corporation
AVAH,Aveanna Healthcare Holdings Inc.
AVAL,Grupo Aval Acciones y Valores S.A. ADR (
AVAV,AeroVironment Inc.
AVB,AvalonBay Communities Inc.
AVBC,Avidia Bancorp Inc.
AVBH,Avidbank Holdings Inc.
AVBP,ArriVent BioPharma Inc.
AVD,American Vanguard Corporation ($0.10 Par Value)
AVGO,Broadcom Inc.
AVIR,Atea Pharmaceuticals Inc.
AVK,Advent Convertible and Income Fund
AVNS,Avanos Medical Inc.
AVNT,Avient Corporation
AVNW,Aviat Networks Inc.
AVO,Mission Produce Inc.
AVPT,AvePoint Inc.
AVR,Anteris Technologies Global Corp.
AVT,Avnet Inc.
AVTR,Avantor Inc.
AVTX,Avalo Therapeutics Inc.
AVX,Avax One Technology Ltd.
AVXL,Anavex Life Sciences Corp.
AVY,Avery Dennison Corporation
AWF,Alliancebernstein Global High Income Fund
AWI,Armstrong World Industries Inc
AWK,American Water Works Company Inc.
AWP,abrdn Global Premier Properties Fund of Beneficial Interest
AWR,American States Water Company
AWRE,Aware Inc.
AWX,Avalon Holdings Corporation
AX,Axos Financial Inc.
AXG,Solowin Holdings
AXGN,Axogen Inc.
AXIA,AXIA Energia (
AXIA^,AXIA Energia AXIA Energia (
AXIA^C,AXIA Energia
AXIL,AXIL Brands Inc.
AXIN,Axiom Intelligence Acquisition Corp 1
AXINR,Axiom Intelligence Acquisition Corp 1 Right
AXON,Axon Enterprise Inc.
AXP,American Express Company
AXR,AMREP Corporation
AXS,Axis Capital Holdings Limited
AXS^E,Axis Capital Holdings Limited
AXSM,Axsome Therapeutics Inc.
AXTA,Axalta Coating Systems Ltd.
AXTI,AXT Inc
AYI,Acuity Inc.
AYTU,Aytu BioPharma Inc.
AZ,A2Z Cust2Mate Solutions Corp.
AZI,Autozi Internet Technology (Global) Ltd.
AZN,AstraZeneca PLC
AZO,AutoZone Inc.
AZTA,Azenta Inc.
AZTR,Azitra Inc
AZZ,AZZ Inc.
B,Barrick Mining Corporation
BA,Boeing Company (The)
BA^A,Boeing Company (The)
BABA,Alibaba Group Holding Limited
BAC,Bank of America Corporation
BAC^B,Bank of America Corporation
BAC^E,Bank of America Corporation Depositary Sh repstg 1/1000th Perp Pfd Ser E
BAC^K,Bank of America Corporation
BAC^L,Bank of America Corporation Non Cumulative Perpetual Conv Pfd Ser L
BAC^M,Bank of America Corporation
BAC^N,Bank of America Corporation
BAC^O,Bank of America Corporation
BAC^P,Bank of America Corporation
BAC^Q,Bank of America Corporation
BAC^S,Bank of America Corporation
BACC,Blue Acquisition Corp.
BACCR,Blue Acquisition Corp. Right
BACCU,Blue Acquisition Corp. Unit
BACQ,Inflection Point Acquisition Corp. IV
BACQR,Inflection Point Acquisition Corp. IV Right
BACQU,Inflection Point Acquisition Corp. IV Unit
BAER,Bridger Aerospace Group Holdings Inc.
BAERW,Bridger Aerospace Group Holdings Inc. Warrant
BAFN,BayFirst Financial Corp.
BAH,Booz Allen Hamilton Holding Corporation
BAK,Braskem SA ADR
BALL,Ball Corporation
BALY,Bally's Corporation
BAM,Brookfield Asset Management Inc Limited Voting Shares
BANC,Banc of California Inc.
BANC^F,Banc of California Inc.
BAND,Bandwidth Inc.
BANF,BancFirst Corporation
BANFP,BancFirst Corporation - BFC Capital Trust II Cumulative Trust Preferred Securities
BANL,CBL International Limited Class B
BANR,Banner Corporation
BANX,ArrowMark Financial Corp.
BANXR,ArrowMark Financial Corp. Right
BAOS,Baosheng Media Group Holdings Limited
BAP,Credicorp Ltd.
BARK,BARK Inc.
BATL,Battalion Oil Corporation
BATRA,Atlanta Braves Holdings Inc. Series A
BATRK,Atlanta Braves Holdings Inc. Series C
BAX,Baxter International Inc.
BAYA,Bayview Acquisition Corp
BAYAR,Bayview Acquisition Corp Right
BB,BlackBerry Limited
BBAI,BigBear.ai Inc.
BBAR,Banco BBVA Argentina S.A.
BBBY,Bed Bath & Beyond Inc.
BBCP,Concrete Pumping Holdings Inc.
BBCQ,Bleichroeder Acquisition Corp. II
BBCQU,Bleichroeder Acquisition Corp. II
BBCQW,Bleichroeder Acquisition Corp. II Warrants
BBD,Banco Bradesco Sa
BBDC,Barings BDC Inc.
BBDO,Banco Bradesco Sa (
BBGI,Beasley Broadcast Group Inc.
BBIO,BridgeBio Pharma Inc.
BBLG,Bone Biologics Corp
BBLGW,Bone Biologics Corp Warrants
BBN,BlackRock Taxable Municipal Bond Trust of Beneficial Interest
BBNX,Beta Bionics Inc.
BBOT,BridgeBio Oncology Therapeutics Inc.
BBSI,Barrett Business Services Inc.
BBT,Beacon Financial Corporation
BBU,Brookfield Business Partners L.P. Limited Partnership
BBUC,Brookfield Business Corporation Exchangeable Subordinate Voting Shares
BBVA,Banco Bilbao Vizcaya Argentaria S.A.
BBW,Build-A-Bear Workshop Inc.
BBWI,Bath & Body Works Inc.
BBY,Best Buy Co. Inc.
BC,Brunswick Corporation
BC^C,Brunswick Corporation 6.375% Notes due 2049
BCAB,BioAtla Inc.
BCAL,California BanCorp
BCAR,D. Boral ARC Acquisition I Corp.
BCARW,D. Boral ARC Acquisition I Corp. Warrant
BCAT,BlackRock Capital Allocation Term Trust of Beneficial Interest
BCAX,Bicara Therapeutics Inc.
BCBP,BCB Bancorp Inc. (NJ)
BCC,Boise Cascade L.L.C.
BCDA,BioCardia Inc.
BCE,BCE Inc.
BCG,Binah Capital Group Inc.
BCGWW,Binah Capital Group Inc. Warrants
BCH,Banco De Chile
BCIC,BCP Investment Corporation
BCML,BayCom Corp
BCO,Brinks Company (The)
BCPC,Balchem Corporation
BCRX,BioCryst Pharmaceuticals Inc.
BCS,Barclays PLC
BCSF,Bain Capital Specialty Finance Inc.
BCSS,Bain Capital GSS Investment Corp.
BCTX,BriaCell Therapeutics Corp.
BCTXL,BriaCell Therapeutics Corp. Warrant expiring 2031
BCTXW,BriaCell Therapeutics Corp. Warrant expiring 2026
BCTXZ,BriaCell Therapeutics Corp. Warrant expiring 2030
BCV,Bancroft Fund Ltd.
BCV^A,Bancroft Fund Limited 5.375% Series A Cumulative Preferred Shares
BCX,BlackRock Resources of Beneficial Interest
BCYC,Bicycle Therapeutics plc
BDC,Belden Inc
BDCI,BTC Development Corp.
BDCIU,BTC Development Corp. Unit
BDCIW,BTC Development Corp. Warrant
BDJ,Blackrock Enhanced Equity Dividend Trust
BDL,Flanigan's Enterprises Inc.
BDMD,Baird Medical Investment Holdings Ltd
BDMDW,Baird Medical Investment Holdings Ltd Warrant
BDN,Brandywine Realty Trust
BDRX,Biodexa Pharmaceuticals plc American Depositary Shs
BDSX,Biodesix Inc.
BDTX,Black Diamond Therapeutics Inc.
BDX,Becton Dickinson and Company
BE,Bloom Energy Corporation
BEAG,Bold Eagle Acquisition Corp.
BEAGR,Bold Eagle Acquisition Corp. Right
BEAGU,Bold Eagle Acquisition Corp.
BEAM,Beam Therapeutics Inc.
BEAT,Heartbeam Inc.
BEATW,Heartbeam Inc. Warrant
BEBE,TGE Value Creative Solutions Corp
BEEM,Beam Global
BEEP,Mobile Infrastructure Corporation
BEKE,KE Holdings Inc (
BELFA,Bel Fuse Inc.
BELFB,Bel Fuse Inc. Class B
BEN,Franklin Resources Inc.
BENF,Beneficient
BENFW,Beneficient Warrant
BEP,Brookfield Renewable Partners L.P. Limited Partnership
BEP^A,Brookfield Renewable Partners L.P. 5.25% Preferred Limited Partnership Series 17
BEPC,Brookfield Renewable Corporation Brookfield Renewable Corporation Subordinate Voting Shares
BEPH,Brookfield BRP Holdings (Canada) Inc. 4.625% Perpetual Subordinated Notes
BEPI,Brookfield BRP Holdings (Canada) Inc. 4.875% Perpetual Subordinated Notes
BEPJ,Brookfield BRP Holdings (Canada) Inc. 7.250% Perpetual Subordinated Notes
BETA,Beta Technologies Inc.
BETR,Better Home & Finance Holding Company
BETRW,Better Home & Finance Holding Company Warrant
BF/A,Brown Forman Corporation
BF/B,Brown Forman Corporation
BFAM,Bright Horizons Family Solutions Inc.
BFC,Bank First Corporation
BFH,Bread Financial Holdings Inc.
BFH^A,Bread Financial Holdings Inc.
BFLY,Butterfly Network Inc.
BFRG,Bullfrog AI Holdings Inc.
BFRGW,Bullfrog AI Holdings Inc. Warrants
BFRI,Biofrontera Inc.
BFS,Saul Centers Inc.
BFS^D,Saul Centers Inc.
BFS^E,Saul Centers Inc.
BFST,Business First Bancshares Inc.
BG,Bunge Limited
BGB,Blackstone Strategic Credit 2027 Term Fund of Beneficial Interest
BGC,BGC Group Inc.
BGH,Barings Global Short Duration High Yield Fund of Beneficial Interests
BGI,Birks Group Inc.
BGIN,Bgin Blockchain Limited
BGL,Blue Gold Limited
BGLC,BioNexus Gene Lab Corp
BGLWW,Blue Gold Limited Warrant
BGM,BGM Group Ltd.
BGMS,Bio Green Med Solution Inc.
BGMSP,Bio Green Med Solution Inc. 6% Convertible Preferred Stock
BGR,BlackRock Energy and Resources Trust
BGS,B&G Foods Inc.
BGSF,BGSF Inc.
BGSI,Boyd Group Services Inc.
BGT,BlackRock Floating Rate Income Trust
BGX,Blackstone Long Short Credit Income Fund
BGY,Blackrock Enhanced International Dividend Trust
BH,Biglari Holdings Inc. Class B
BHAT,Blue Hat Interactive Entertainment Technology
BHB,Bar Harbor Bankshares Inc.
BHC,Bausch Health Companies Inc.
BHE,Benchmark Electronics Inc.
BHF,Brighthouse Financial Inc.
BHFAL,Brighthouse Financial Inc. 6.25% Junior Subordinated Debentures due 2058
BHFAM,Brighthouse Financial Inc.
BHFAN,Brighthouse Financial Inc.
BHFAO,Brighthouse Financial Inc. 6.75% Non-Cumulative Preferred Stock Series B
BHFAP,Brighthouse Financial Inc. 6.6% Non-Cumulative Preferred Stock Series A
BHK,Blackrock Core Bond Trust
BHM,Bluerock Homes Trust Inc.
BHP,BHP Group Limited (
BHR,Braemar Hotels & Resorts Inc.
BHR^B,Braemar Hotels & Resorts Inc. 5.50% Series B Cumulative Convertible Preferred Stock par value $0.01 per share
BHR^D,Braemar Hotels & Resorts Inc. 8.25% Series D Cumulative Preferred Stock par value $0.01 per share
BHRB,Burke & Herbert Financial Services Corp.
BHST,BioHarvest Sciences Inc.
BHV,BlackRock Virginia Municipal Bond Trust
BHVN,Biohaven Ltd.
BIAF,bioAffinity Technologies Inc.
BIAFW,bioAffinity Technologies Inc. Warrant
BIDU,Baidu Inc.
BIIB,Biogen Inc.
BIII,Black Spade Acquisition III Co
BILI,Bilibili Inc.
BILL,BILL Holdings Inc.
BIO,Bio-Rad Laboratories Inc.
BIO/B,Bio-Rad Laboratories Inc.
BIOA,BioAge Labs Inc.
BIOX,Bioceres Crop Solutions Corp.
BIP,Brookfield Infrastructure Partners LP Limited Partnership
BIP^A,Brookfield Infrastructure Partners LP 5.125% Preferred Limited Partnership Series 13
BIP^B,Brookfield Infrastructure Partners LP 5.000% Preferred Limited Partnership Series 14
BIPC,Brookfield Infrastructure Corporation Brookfield Infrastructure Corporation
BIPH,Brookfield Infrastructure Corporation 5.000% Subordinated Notes due 2081
BIPI,BIP Bermuda Holdings I Limited 5.125% Perpetual Subordinated Notes
BIPJ,Brookfield Infrastructure Corporation 7.250% Subordinated Notes due 2084
BIRD,Allbirds Inc.
BIRK,Birkenstock Holding plc
BIT,BlackRock Multi-Sector Income Trust of Beneficial Interest
BITF,Bitfarms Ltd.
BIVI,BioVie Inc.
BIVIW,BioVie Inc. Warrant
BIXI,Bitcoin Infrastructure Acquisition Corp Ltd.
BIXIU,Bitcoin Infrastructure Acquisition Corp Ltd. Unit
BIXIW,Bitcoin Infrastructure Acquisition Corp Ltd. Warrant
BIYA,Baiya International Group Inc.
BJ,BJ's Wholesale Club Holdings Inc.
BJDX,Bluejay Diagnostics Inc.
BJRI,BJ's Restaurants Inc.
BK,The Bank of New York Mellon Corporation
BK^K,The Bank Of New York Mellon Corporation
BKD,Brookdale Senior Living Inc.
BKE,Buckle Inc. (The)
BKH,Black Hills Corporation
BKHA,Black Hawk Acquisition Corporation
BKHAR,Black Hawk Acquisition Corporation
BKHAU,Black Hawk Acquisition Corporation
BKKT,Bakkt Inc.
BKN,BlackRock Investment Quality Municipal Trust Inc. (The)
BKNG,Booking Holdings Inc.
BKR,Baker Hughes Company
BKSY,BlackSky Technology Inc.
BKT,BlackRock Income Trust Inc. (The)
BKTI,BK Technologies Corporation
BKU,BankUnited Inc.
BKV,BKV Corporation
BKYI,BIO-key International Inc.
BL,BlackLine Inc.
BLBD,Blue Bird Corporation
BLBX,Blackboxstocks Inc.
BLCO,Bausch + Lomb Corporation
BLD,TopBuild Corp.
BLDP,Ballard Power Systems Inc.
BLDR,Builders FirstSource Inc.
BLFS,BioLife Solutions Inc.
BLFY,Blue Foundry Bancorp
BLIN,Bridgeline Digital Inc.
BLIV,BeLive Holdings
BLK,BlackRock Inc.
BLKB,Blackbaud Inc.
BLLN,BillionToOne Inc.
BLMN,Bloomin' Brands Inc.
BLND,Blend Labs Inc.
BLNE,Beeline Holdings Inc.
BLNK,Blink Charging Co.
BLRK,Bluerock Acquisition Corp.
BLRKU,Bluerock Acquisition Corp. Unit
BLRKW,Bluerock Acquisition Corp. Warrants
BLRX,BioLineRx Ltd.
BLSH,Bullish
BLTE,Belite Bio Inc
BLUW,Blue Water Acquisition Corp. III
BLUWW,Blue Water Acquisition Corp. III Warrant.
BLW,Blackrock Limited Duration Income Trust
BLX,Banco Latinoamericano de Comercio Exterior S.A.
BLZE,Backblaze Inc.
BLZR,Trailblazer Acquisition Corp.
BLZRU,Trailblazer Acquisition Corp. Unit
BLZRW,Trailblazer Acquisition Corp. Warrant
BMA,Banco Macro S.A. ADR (representing Ten Class B )
BMBL,Bumble Inc.
BME,Blackrock Health Sciences Trust
BMEA,Biomea Fusion Inc.
BMEZ,BlackRock Health Sciences Term Trust of Beneficial Interest
BMGL,Basel Medical Group Ltd
BMHL,Bluemount Holdings Limited Class B
BMI,Badger Meter Inc.
BML^G,Bank of America Corporation (
BML^H,Bank of America Corporation (
BML^J,Bank of America Corporation (
BML^L,Bank of America Corporation (
BMM,Blue Moon Metals Inc.
BMN,BlackRock 2037 Municipal Target Term Trust of Beneficial Interest
BMNR,BitMine Immersion Technologies Inc.
BMO,Bank Of Montreal
BMR,Beamr Imaging Ltd.
BMRA,Biomerica Inc.
BMRC,Bank of Marin Bancorp
BMRN,BioMarin Pharmaceutical Inc.
BMY,Bristol-Myers Squibb Company
BN,Brookfield Corporation Limited Voting Shares
BNAI,Brand Engagement Network Inc.
BNAIW,Brand Engagement Network Inc. Warrant
BNBX,BNB Plus Corp.
BNC,CEA Industries Inc.
BNCWW,CEA Industries Inc. Warrant
BNED,Barnes & Noble Education Inc
BNGO,Bionano Genomics Inc.
BNH,Brookfield Finance Inc. 4.625% Subordinated Notes due October 16 2080
BNJ,Brookfield Finance Inc. 4.50% Perpetual Subordinated Notes
BNKK,Bonk Inc.
BNL,Broadstone Net Lease Inc.
BNR,Burning Rock Biotech Limited
BNRG,Brenmiller Energy Ltd
BNS,Bank Nova Scotia Halifax Pfd 3
BNT,Brookfield Wealth Solutions Ltd. Exchangeable Limited Voting Shares
BNTC,Benitec Biopharma Inc.
BNTX,BioNTech SE American Depositary Share
BNZI,Banzai International Inc.
BNZIW,Banzai International Inc. Warrant
BOBS,Bob's Discount Furniture Inc.
BOC,Boston Omaha Corporation
BODI,The Beachbody Company Inc.
BOE,Blackrock Enhanced Global Dividend Trust of Beneficial Interest
BOF,BranchOut Food Inc.
BOH,Bank of Hawaii Corporation
BOH^A,Bank of Hawaii Corporation
BOH^B,Bank of Hawaii Corporation
BOKF,BOK Financial Corporation
BOLD,Boundless Bio Inc.
BOLT,Bolt Biotherapeutics Inc.
BON,Bon Natural Life Limited
BOOM,DMC Global Inc.
BOOT,Boot Barn Holdings Inc.
BORR,Borr Drilling Limited
BOSC,B.O.S. Better Online Solutions
BOTJ,Bank of the James Financial Group Inc.
BOW,Bowhead Specialty Holdings Inc.
BOX,Box Inc.
BOXL,Boxlight Corporation
BP,BP p.l.c.
BPAC,Blueport Acquisition Ltd
BPACR,Blueport Acquisition Ltd
BPACU,Blueport Acquisition Ltd
BPOP,Popular Inc.
BPOPM,Popular Inc. Popular Capital Trust II - 6.125% Cumulative Monthly Income Trust Preferred Securities
BPRE,Bluerock Private Real Estate Fund of Beneficial Interest
BPRN,Princeton Bancorp Inc. (PA)
BPYPM,Brookfield Property Partners L.P. 6.25% Cumulative Redeemable Preferred Series 1
BPYPN,Brookfield Property Partners L.P. 5.750% Cumulative Redeemable Perpetual Preferred Series 3
BPYPO,Brookfield Property Partners L.P. 6.375% Cumulative Redeemable Perpetual Preferred Series 2
BPYPP,Brookfield Property Partners L.P. 6.50% Cumulative Redeemable Perpetual Preferred
BQ,Boqii Holding Limited
BR,Broadridge Financial Solutions Inc.
BRAG,Bragg Gaming Group Inc.
BRAI,Braiin Limited
BRBI,BRBI BR Partners S.A. ADSs
BRBR,BellRing Brands Inc.
BRBS,Blue Ridge Bankshares Inc.
BRC,Brady Corporation
BRCB,Black Rock Coffee Bar Inc.
BRCC,BRC Inc.
BRFH,Barfresh Food Group Inc.
BRIA,BrilliA Inc
BRID,Bridgford Foods Corporation
BRK/A,Berkshire Hathaway Inc.
BRK/B,Berkshire Hathaway Inc.
BRKR,Bruker Corporation
BRKRP,Bruker Corporation 6.375% Mandatory Convertible Preferred Stock Series A
BRLS,Borealis Foods Inc.
BRLSW,Borealis Foods Inc. Warrant
BRLT,Brilliant Earth Group Inc.
BRN,Barnwell Industries Inc.
BRNS,Barinthus Biotherapeutics plc
BRO,Brown & Brown Inc.
BROS,Dutch Bros Inc.
BRR,ProCap Financial Inc.
BRRWW,ProCap Financial Inc. Warrant
BRSL,Brightstar Lottery PLC Trading under the Legal Name to begin at the market open on July 21 2025.
BRSP,BrightSpire Capital Inc.
BRT,BRT Apartments Corp. (MD)
BRTX,BioRestorative Therapies Inc. (NV)
BRW,Saba Capital Income & Opportunities Fund SBI
BRX,Brixmor Property Group Inc.
BRZE,Braze Inc.
BSAA,BEST SPAC I Acquisition Corp.
BSAAR,BEST SPAC I Acquisition Corp.
BSAC,Banco Santander - Chile
BSBK,Bogota Financial Corp.
BSBR,Banco Santander Brasil SA
BSET,Bassett Furniture Industries Incorporated
BSL,Blackstone Senior Floating Rate 2027 Term Fund of Beneficial Interest
BSM,Black Stone Minerals L.P. Common representing limited partner interests
BSRR,Sierra Bancorp
BST,BlackRock Science and Technology Trust of Beneficial Interest
BSTZ,BlackRock Science and Technology Term Trust of Beneficial Interest
BSVN,Bank7 Corp.
BSX,Boston Scientific Corporation
BSY,Bentley Systems Incorporated Class B
BTA,BlackRock Long-Term Municipal Advantage Trust of Beneficial Interest
BTAI,BioXcel Therapeutics Inc.
BTBD,BT Brands Inc.
BTBDW,BT Brands Inc. Warrant
BTBT,Bit Digital Inc.
BTCS,BTCS Inc.
BTCT,BTC Digital Ltd.
BTDR,Bitdeer Technologies Group
BTE,Baytex Energy Corp
BTG,B2Gold Corp (Canada)
BTGO,BitGo Holdings Inc.
BTI,British American Tobacco Industries p.l.c. ADR
BTM,Bitcoin Depot Inc.
BTMD,Biote Corp.
BTMWW,Bitcoin Depot Inc. Warrant
BTO,John Hancock Financial Opportunities Fund
BTOC,Armlogi Holding Corp.
BTOG,Bit Origin Limited
BTQ,BTQ Technologies Corp.
BTSG,BrightSpring Health Services Inc.
BTSGU,BrightSpring Health Services Inc. Tangible Equity Unit
BTT,BlackRock Municipal 2030 Target Term Trust
BTTC,Black Titan Corporation
BTU,Peabody Energy Corporation
BTX,BlackRock Technology and Private Equity Term Trust of Beneficial Interest
BTZ,BlackRock Credit Allocation Income Trust
BUD,Anheuser-Busch Inbev SA Sponsored ADR (Belgium)
BUDA,Buda Juice Inc.
BUI,BlackRock Utility Infrastructure & Power Opportunities Trust
BULL,Webull Corporation
BULLW,Webull Corporation Warrants
BUR,Burford Capital Limited
BURL,Burlington Stores Inc.
BURU,Nuburu Inc.
BUSE,First Busey Corporation
BUSEP,First Busey Corporation
BUUU,BUUU Group Limited
BV,BrightView Holdings Inc.
BVC,BitVentures Limited
BVFL,BV Financial Inc.
BVN,Buenaventura Mining Company Inc.
BVS,Bioventus Inc.
BW,Babcock & Wilcox Enterprises Inc.
BW^A,Babcock & Wilcox Enterprises Inc. 7.75% Series A
BWA,BorgWarner Inc.
BWAY,BrainsWay Ltd.
BWB,Bridgewater Bancshares Inc.
BWBBP,Bridgewater Bancshares Inc.
BWEN,Broadwind Inc.
BWFG,Bankwell Financial Group Inc.
BWG,BrandywineGLOBAL Global Income Opportunities Fund Inc.
BWIN,The Baldwin Insurance Group Inc.
BWLP,BW LPG Limited
BWMN,Bowman Consulting Group Ltd.
BWMX,Betterware de Mexico S.A.P.I. de C.V.
BWNB,Babcock & Wilcox Enterprises Inc. 6.50% Senior Notes due 2026
BWXT,BWX Technologies Inc.
BX,Blackstone Inc.
BXC,Bluelinx Holdings Inc.
BXMT,Blackstone Mortgage Trust Inc.
BXMX,Nuveen S&P 500 Buy-Write Income Fund of Beneficial Interest
BXP,BXP Inc.
BXSL,Blackstone Secured Lending Fund of Beneficial Interest
BY,Byline Bancorp Inc.
BYAH,Park Ha Biological Technology Co. Ltd.
BYD,Boyd Gaming Corporation
BYFC,Broadway Financial Corporation
BYND,Beyond Meat Inc.
BYRN,Byrna Technologies Inc.
BYSI,BeyondSpring Inc.
BZ,KANZHUN LIMITED American Depository Shares
BZAI,Blaize Holdings Inc.
BZAIW,Blaize Holdings Inc. Warrants
BZFD,BuzzFeed Inc.
BZFDW,BuzzFeed Inc. Warrant
BZH,Beazer Homes USA Inc.
BZUN,Baozun Inc.
C,Citigroup Inc.
C^N,Citigroup Capital XIII 7.875% Fixed rate Floating Rate trust Preferred Securities (TruPS)
C^R,Citigroup Inc.
CAAP,Corporacion America Airports SA
CAAS,China Automotive Systems Inc.
CABA,Cabaletta Bio Inc.
CABO,Cable One Inc.
CABR,Caring Brands Inc.
CAC,Camden National Corporation
CACC,Credit Acceptance Corporation
CACI,CACI International Inc.
CADL,Candel Therapeutics Inc.
CAE,CAE Inc.
CAEP,Cantor Equity Partners III Inc.
CAF,Morgan Stanley China A Share Fund Inc.
CAG,ConAgra Brands Inc.
CAH,Cardinal Health Inc.
CAI,Caris Life Sciences Inc.
CAKE,Cheesecake Factory Incorporated (The)
CAL,Caleres Inc.
CALC,CalciMedica Inc.
CALM,Cal-Maine Foods Inc.
CALX,Calix Inc
CALY,Callaway Golf Company
CAMP,CAMP4 Therapeutics Corporation
CAMT,Camtek Ltd.
CAN,Canaan Inc.
CANF,Can-Fite Biopharma Ltd
CANG,Cango Inc.
CAPL,CrossAmerica Partners LP Common representing limited partner interests
CAPN,Cayson Acquisition Corp
CAPNR,Cayson Acquisition Corp Right
CAPR,Capricor Therapeutics Inc.
CAPS,Capstone Holding Corp.
CAPT,Captivision Inc.
CAPTW,Captivision Inc. Warrant
CAQUU,Cambridge Acquisition Corp. Unit
CAR,Avis Budget Group Inc.
CARE,Carter Bankshares Inc.
CARG,CarGurus Inc.
CARL,Carlsmed Inc.
CARR,Carrier Global Corporation
CARS,Cars.com Inc.
CART,Maplebear Inc.
CASH,Pathward Financial Inc.
CASI,CASI Pharmaceuticals Inc.
CASS,Cass Information Systems Inc
CASY,Casey's General Stores Inc.
CAT,Caterpillar Inc.
CATO,Cato Corporation (The)
CATX,Perspective Therapeutics Inc.
CATY,Cathay General Bancorp
CAVA,CAVA Group Inc.
CB,Chubb Limited
CBAN,Colony Bankcorp Inc.
CBAT,CBAK Energy Technology Inc.
CBC,Central Bancompany Inc.
CBFV,CB Financial Services Inc.
CBIO,Crescent Biopharma Inc.
CBK,Commercial Bancgroup Inc.
CBL,CBL & Associates Properties Inc.
CBLL,CeriBell Inc.
CBNA,Chain Bridge Bancorp Inc.
CBNK,Capital Bancorp Inc.
CBOE,Cboe Global Markets Inc.
CBRE,CBRE Group Inc
CBRL,Cracker Barrel Old Country Store Inc
CBSH,Commerce Bancshares Inc.
CBT,Cabot Corporation
CBU,Community Financial System Inc.
CBUS,Cibus Inc.
CBZ,CBIZ Inc.
CC,Chemours Company (The)
CCAP,Crescent Capital BDC Inc.
CCB,Coastal Financial Corporation
CCBG,Capital City Bank Group
CCC,CCC Intelligent Solutions Holdings Inc.
CCCC,C4 Therapeutics Inc.
CCCX,Churchill Capital Corp X
CCCXU,Churchill Capital Corp X Unit
CCCXW,Churchill Capital Corp X Warrants
CCD,Calamos Dynamic Convertible & Income Fund
CCEC,Capital Clean Energy Carriers Corp. Common Share
CCEL,Cryo-Cell International Inc.
CCEP,Coca-Cola Europacific Partners plc
CCG,Cheche Group Inc.
CCHH,CCH Holdings Ltd
CCI,Crown Castle Inc.
CCID,Carlyle Credit Income Fund 7.375% Series D Term Preferred Shares due 2028
CCIF,Carlyle Credit Income Fund Shares of Beneficial Interest
CCII,Cohen Circle Acquisition Corp. II
CCIIU,Cohen Circle Acquisition Corp. II Unit
CCIIW,Cohen Circle Acquisition Corp. II Warrant
CCIX,Churchill Capital Corp IX
CCIXW,Churchill Capital Corp IX Warrant
CCJ,Cameco Corporation
CCK,Crown Holdings Inc.
CCL,Carnival Corporation
CCLD,CareCloud Inc.
CCLDO,CareCloud Inc. 8.75% Series B Cumulative Redeemable Perpetual Preferred Stock
CCM,Concord Medical Services Holdings Limited (Each represents thirty (30) )
CCNE,CNB Financial Corporation
CCNEP,CNB Financial Corporation
CCO,Clear Channel Outdoor Holdings Inc.
CCOI,Cogent Communications Holdings Inc.
CCRN,Cross Country Healthcare Inc. $0.0001 Par Value
CCS,Century Communities Inc.
CCSI,Consensus Cloud Solutions Inc.
CCTG,CCSC Technology International Holdings Limited
CCU,Compania Cervecerias Unidas S.A.
CCXI,Churchill Capital Corp XI
CCXIU,Churchill Capital Corp XI
CCXIW,Churchill Capital Corp XI Warrants
CCZ,Comcast Holdings ZONES
CD,Chaince Digital Holdings Inc.
CDE,Coeur Mining Inc.
CDIO,Cardio Diagnostics Holdings Inc.
CDIOW,Cardio Diagnostics Holdings Inc. Warrant
CDLR,Cadeler A/S American Depositary Share (
CDLX,Cardlytics Inc.
CDNA,CareDx Inc.
CDNL,Cardinal Infrastructure Group Inc.
CDNS,Cadence Design Systems Inc.
CDP,COPT Defense Properties of Beneficial Interest
CDR^B,Cedar Realty Trust Inc. 7.25% Series B Cumulative Redeemable Preferred Stock
CDR^C,Cedar Realty Trust Inc. 6.50% Series C Cumulative Redeemable Preferred Stock
CDRE,Cadre Holdings Inc.
CDRO,Codere Online Luxembourg S.A.
CDROW,Codere Online Luxembourg S.A. Warrants
CDT,CDT Equity Inc.
CDTG,CDT Environmental Technology Investment Holdings Limited
CDTTW,CDT Equity Inc. Warrant
CDW,CDW Corporation
CDXS,Codexis Inc.
CDZI,CADIZ Inc.
CDZIP,Cadiz Inc.
CE,Celanese Corporation
CECO,CECO Environmental Corp.
CEE,The Central and Eastern Europe Fund Inc. (The)
CEG,Constellation Energy Corporation
CELC,Celcuity Inc.
CELH,Celsius Holdings Inc.
CELU,Celularity Inc.
CELUW,Celularity Inc. Warrant
CELZ,Creative Medical Technology Holdings Inc.
CENN,Cenntro Inc.
CENT,Central Garden & Pet Company
CENTA,Central Garden & Pet Company Nonvoting
CENX,Century Aluminum Company
CEPF,Cantor Equity Partners IV Inc.
CEPO,Cantor Equity Partners I Inc.
CEPS,Cantor Equity Partners VI Inc.
CEPT,Cantor Equity Partners II Inc.
CEPU,Central Puerto S.A. (each represents ten )
CEPV,Cantor Equity Partners V Inc.
CERS,Cerus Corporation
CERT,Certara Inc.
CET,Central Securities Corporation
CETX,Cemtrex Inc.
CETY,Clean Energy Technologies Inc.
CEV,Eaton Vance California Municipal Income Trust Shares of Beneficial Interest
CEVA,CEVA Inc.
CF,CF Industries Holdings Inc.
CFBK,CF Bankshares Inc.
CFFI,C&F Financial Corporation
CFFN,Capitol Federal Financial Inc.
CFG,Citizens Financial Group Inc.
CFG^E,Citizens Financial Group Inc.
CFG^H,Citizens Financial Group Inc.
CFG^I,Citizens Financial Group Inc.
CFLT,Confluent Inc.
CFND,C1 Fund Inc.
CFR,Cullen/Frost Bankers Inc.
CFR^B,Cullen/Frost Bankers Inc.
CG,The Carlyle Group Inc.
CGABL,The Carlyle Group Inc. 4.625% Subordinated Notes due 2061
CGAU,Centerra Gold Inc.
CGBD,Carlyle Secured Lending Inc.
CGC,Canopy Growth Corporation
CGCT,Cartesian Growth Corporation III
CGCTW,Cartesian Growth Corporation III Warrant
CGEM,Cullinan Therapeutics Inc.
CGEN,Compugen Ltd.
CGNT,Cognyte Software Ltd.
CGNX,Cognex Corporation
CGO,Calamos Global Total Return Fund
CGON,CG Oncology Inc.
CGTL,Creative Global Technology Holdings Limited
CGTX,Cognition Therapeutics Inc.
CHA,Chagee Holdings Limited
CHAC,Crane Harbor Acquisition Corp.
CHACR,Crane Harbor Acquistion Corp.
CHACU,Crane Harbor Acquisition Corp.
CHAI,Core AI Holdings Inc.
CHAR,Charlton Aria Acquisition Corporation
CHCI,Comstock Holding Companies Inc.
CHCO,City Holding Company
CHCT,Community Healthcare Trust Incorporated
CHD,Church & Dwight Company Inc.
CHDN,Churchill Downs Incorporated
CHE,Chemed Corp
CHEC,Chenghe Acquisition III Co.
CHECU,Chenghe Acquisition III Co.
CHECW,Chenghe Acquisition III Co. Warrants
CHEF,The Chefs' Warehouse Inc.
CHGG,Chegg Inc.
CHH,Choice Hotels International Inc.
CHI,Calamos Convertible Opportunities and Income Fund
CHKP,Check Point Software Technologies Ltd.
CHMG,Chemung Financial Corp
CHMI,Cherry Hill Mortgage Investment Corporation
CHMI^A,Cherry Hill Mortgage Investment Corporation 8.20% Series A Cumulative Redeemable Preferred Stock
CHMI^B,Cherry Hill Mortgage Investment Corporation 8.250% Series B Fixed-to-Floating Rate Cumulative Redeemable Preferred Stock
CHNR,China Natural Resources Inc.
CHOW,ChowChow Cloud International Holdings Limited
CHPG,ChampionsGate Acquisition Corporation
CHPGR,ChampionsGate Acquisition Corporation
CHPT,ChargePoint Holdings Inc.
CHR,Cheer Holding Inc.
CHRD,Chord Energy Corporation
CHRS,Coherus Oncology Inc.
CHRW,C.H. Robinson Worldwide Inc.
CHSCL,CHS Inc Class B Cumulative Redeemable Preferred Stock Series 4
CHSCM,CHS Inc Class B Reset Rate Cumulative Redeemable Preferred Stock Series 3
CHSCN,CHS Inc Preferred Class B Series 2 Reset Rate
CHSCO,CHS Inc. Class B Cumulative Redeemable Preferred Stock
CHSCP,CHS Inc. 8% Cumulative Redeemable Preferred Stock
CHSN,Chanson International Holding
CHT,Chunghwa Telecom Co. Ltd.
CHTR,Charter Communications Inc. New
CHW,Calamos Global Dynamic Income Fund
CHWY,Chewy Inc.
CHY,Calamos Convertible and High Income Fund
CHYM,Chime Financial Inc.
CI,The Cigna Group
CIA,Citizens Inc. ($1.00 Par)
CIB,Grupo Cibest S.A.
CICB,CION Investment Corporation 7.50% Notes due 2029
CICC,CION Investment Corporation 7.50% Notes due 2031
CIEN,Ciena Corporation
CIF,MFS Intermediate High Income Fund
CIFR,Cipher Mining Inc.
CIG,Comp En De Mn Cemig
CIGI,Colliers International Group Inc. Subordinate Voting Shares
CIGL,Concorde International Group Ltd
CII,BlackRock Enhanced Large Cap Core Fund Inc.
CIIT,Tianci International Inc.
CIK,Credit Suisse Asset Management Income Fund Inc.
CIM,Chimera Investment Corporation
CIM^A,Chimera Investment Corporation 8.00% Series A Cumulative Redeemable Preferred Stock
CIM^B,Chimera Investment Corporation 8.00% Series B Fixed-to-Floating Rate Cumulative Redeemable Preferred Stock
CIM^C,Chimera Investment Corporation 7.75% Series C Fixed-to-Floating Rate Cumulative Redeemable Preferred Stock
CIM^D,Chimera Investment Corporation 8.00% Series D Fixed-to-Floating Rate Cumulative Redeemable Preferred Stock
CIMN,Chimera Investment Corporation 9.000% Senior Notes due 2029
CIMO,Chimera Investment Corporation 9.250% Senior Notes due 2029
CIMP,Chimera Investment Corporation 8.875% Senior Notes due 2030
CINF,Cincinnati Financial Corporation
CING,Cingulate Inc.
CINGW,Cingulate Inc. Warrants
CINT,CI&T Inc
CION,CION Investment Corporation
CISO,CISO Global Inc.
CISS,C3is Inc.
CITR,General Enterprise Ventures Inc.
CIVB,Civista Bancshares Inc.
CIX,CompX International Inc.
CJMB,Callan JMB Inc.
CKX,CKX Lands Inc.
CL,Colgate-Palmolive Company
CLAR,Clarus Corporation
CLB,Core Laboratories Inc.
CLBK,Columbia Financial Inc.
CLBT,Cellebrite DI Ltd.
CLDI,Calidi Biotherapeutics Inc.
CLDT,Chatham Lodging Trust (REIT) of Beneficial Interest
CLDT^A,Chatham Lodging Trust (REIT) 6.625% Series A Cumulative Redeemable Preferred Shares of Beneficial Interest
CLDX,Celldex Therapeutics Inc.
CLF,Cleveland-Cliffs Inc.
CLFD,Clearfield Inc.
CLGN,CollPlant Biotechnologies Ltd
CLH,Clean Harbors Inc.
CLIK,Click Holdings Limited
CLIR,ClearSign Technologies Corporation (DE)
CLLS,Cellectis S.A.
CLM,Cornerstone Strategic Investment Fund Inc.
CLMB,Climb Global Solutions Inc.
CLMT,Calumet Inc.
CLNE,Clean Energy Fuels Corp.
CLNN,Clene Inc.
CLOV,Clover Health Investments Corp.
CLPR,Clipper Realty Inc.
CLPS,CLPS Incorporation
CLPT,ClearPoint Neuro Inc.
CLRB,Cellectar Biosciences Inc.
CLRO,ClearOne Inc. (DE)
CLS,Celestica Inc.
CLSK,CleanSpark Inc.
CLSKW,CleanSpark Inc. Warrant
CLST,Catalyst Bancorp Inc.
CLVT,Clarivate Plc
CLW,Clearwater Paper Corporation
CLWT,Euro Tech Holdings Company Limited
CLX,Clorox Company (The)
CLYM,Climb Bio Inc.
CM,Canadian Imperial Bank of Commerce
CMBM,Cambium Networks Corporation
CMBT,CMB.TECH NV
CMC,Commercial Metals Company
CMCL,Caledonia Mining Corporation Plc
CMCM,Cheetah Mobile Inc.
CMCO,Columbus McKinnon Corporation
CMCSA,Comcast Corporation
CMCT,Creative Media & Community Trust Corporation
CMDB,Costamare Bulkers Holdings Limited
CME,CME Group Inc.
CMG,Chipotle Mexican Grill Inc.
CMI,Cummins Inc.
CMIIU,Columbus Circle Capital Corp II Unit
CMMB,Chemomab Therapeutics Ltd. American Depositary Share
CMND,Clearmind Medicine Inc.
CMP,Compass Minerals Intl Inc
CMPR,Cimpress plc (Ireland)
CMPS,COMPASS Pathways Plc American Depository Shares
CMPX,Compass Therapeutics Inc.
CMRC,Commerce.com Inc. Series 1
CMRE,Costamare Inc. $0.0001 par value
CMRE^B,Costamare Inc. Perpetual Preferred Stock Series B (Marshall Islands)
CMRE^C,Costamare Inc. Perpetual Preferred Series C (Marshall Islands)
CMRE^D,Costamare Inc. 8.75% Series D Cumulative Redeemable Perpetual Preferred Stock
CMS,CMS Energy Corporation
CMS^B,CMS Energy Corporation Preferred Stock
CMS^C,CMS Energy Corporation
CMSA,CMS Energy Corporation 5.625% Junior Subordinated Notes due 2078
CMSC,CMS Energy Corporation 5.875% Junior Subordinated Notes due 2078
CMSD,CMS Energy Corporation 5.875% Junior Subordinated Notes due 2079
CMT,Core Molding Technologies Inc
CMTG,Claros Mortgage Trust Inc.
CMTL,Comtech Telecommunications Corp.
CMTV,Community Bancorp.
CMU,MFS Municipal Income Trust
CNA,CNA Financial Corporation
CNC,Centene Corporation
CNCK,Coincheck Group N.V.
CNCKW,Coincheck Group N.V. Warrants
CNDT,Conduent Incorporated
CNET,ZW Data Action Technologies Inc.
CNEY,CN Energy Group Inc.
CNF,CNFinance Holdings Limited
CNH,CNH Industrial N.V.
CNI,Canadian National Railway Company
CNK,Cinemark Holdings Inc Cinemark Holdings Inc.
CNL,Collective Mining Ltd.
CNM,Core & Main Inc.
CNMD,CONMED Corporation
CNNE,Cannae Holdings Inc.
CNO,CNO Financial Group Inc.
CNO^A,CNO Financial Group Inc. 5.125% Subordinated Debentures due 2060
CNOB,ConnectOne Bancorp Inc.
CNOBP,ConnectOne Bancorp Inc.
CNP,CenterPoint Energy Inc (Holding Co)
CNQ,Canadian Natural Resources Limited
CNR,Core Natural Resources Inc.
CNS,Cohen & Steers Inc
CNSP,CNS Pharmaceuticals Inc.
CNTA,Centessa Pharmaceuticals plc
CNTB,Connect Biopharma Holdings Limited
CNTX,Context Therapeutics Inc.
CNTY,Century Casinos Inc.
CNVS,Cineverse Corp.
CNX,CNX Resources Corporation
CNXC,Concentrix Corporation
CNXN,PC Connection Inc.
COCH,Envoy Medical Inc.
COCHW,Envoy Medical Inc Warrant
COCO,The Vita Coco Company Inc.
COCP,Cocrystal Pharma Inc.
CODA,Coda Octopus Group Inc.
CODI,D/B/A Compass Diversified Holdings Shares of Beneficial Interest
CODI^A,Compass Diversified Holdings 7.250% Series A Preferred Shares representing beneficial interest in Compass Diversified Holdings
CODI^B,Compass Diversified Holdings 7.875% Series B Fixed-to-Floating Rate Cumulative Preferred Shares representing beneficial interests in Compass Diversified Holdings
CODI^C,Compass Diversified Holdings 7.875% Series C Cumulative Preferred Shares
COE,51Talk Online Education Group
COEP,Coeptis Therapeutics Holdings Inc.
COEPW,Coeptis Therapeutics Holdings Inc. Warrants
COF,Capital One Financial Corporation
COF^I,Capital One Financial Corporation
COF^J,Capital One Financial Corporation
COF^K,Capital One Financial Corporation
COF^L,Capital One Financial Corporation
COF^N,Capital One Financial Corporation
COFS,ChoiceOne Financial Services Inc.
COGT,Cogent Biosciences Inc.
COHN,Cohen & Company Inc.
COHR,Coherent Corp.
COHU,Cohu Inc.
COIN,Coinbase Global Inc.
COKE,Coca-Cola Consolidated Inc.
COLA,Columbus Acquisition Corp
COLAR,Columbus Acquisition Corp
COLAU,Columbus Acquisition Corp Unit
COLB,Columbia Banking System Inc.
COLD,Americold Realty Trust Inc.
COLL,Collegium Pharmaceutical Inc.
COLM,Columbia Sportswear Company
COMP,Compass Inc.
CON,Concentra Group Holdings Parent Inc.
COO,The Cooper Companies Inc.
COOK,Traeger Inc.
COOT,Australian Oilseeds Holdings Limited
COOTW,Australian Oilseeds Holdings Limited Warrant
COP,ConocoPhillips
COPL,Copley Acquisition Corp
COR,Cencora Inc.
CORT,Corcept Therapeutics Incorporated
CORZ,Core Scientific Inc.
CORZW,Core Scientific Inc. Tranche 1 Warrants
CORZZ,Core Scientific Inc. Tranche 2 Warrants
COSM,Cosmos Health Inc.
COSO,CoastalSouth Bancshares Inc.
COST,Costco Wholesale Corporation
COTY,Coty Inc.
COUR,Coursera Inc.
COYA,Coya Therapeutics Inc.
CP,Canadian Pacific Kansas City Limited
CPA,Copa Holdings S.A.
CPAC,Cementos Pacasmayo S.A.A. (
CPAY,Corpay Inc.
CPB,The Campbell's Company
CPBI,Central Plains Bancshares Inc.
CPF,Central Pacific Financial Corp New
CPHC,Canterbury Park Holding Corporation 'New'
CPHI,China Pharma Holdings Inc.
CPIX,Cumberland Pharmaceuticals Inc.
CPK,Chesapeake Utilities Corporation
CPNG,Coupang Inc.
CPOP,Pop Culture Group Co. Ltd
CPRI,Capri Holdings Limited
CPRT,Copart Inc. (DE)
CPRX,Catalyst Pharmaceuticals Inc.
CPS,Cooper-Standard Holdings Inc.
CPSH,CPS Technologies Corp.
CPSS,Consumer Portfolio Services Inc.
CPT,Camden Property Trust
CPZ,Calamos Long/Short Equity & Dynamic Income Trust
CQP,Cheniere Energy Partners LP Common
CR,Crane Company
CRAC,Crown Reserve Acquisition Corp. I
CRACR,Crown Reserve Acquisition Corp. I
CRACU,Crown Reserve Acquisition Corp. I Unit
CRAI,CRA International Inc.
CRAN,Crane Harbor Acquisition Corp. II
CRANR,Crane Harbor Acquisition Corp. II
CRANU,Crane Harbor Acquisition Corp. II
CRAQ,Cal Redwood Acquisition Corp.
CRAQR,Cal Redwood Acquisition Corp. Right
CRBD,Corebridge Financial Inc. 6.375% Junior Subordinated Notes due 2064
CRBG,Corebridge Financial Inc.
CRBP,Corbus Pharmaceuticals Holdings Inc.
CRBU,Caribou Biosciences Inc.
CRC,California Resources Corporation
CRCL,Circle Internet Group Inc.
CRCT,Cricut Inc.
CRD/A,Crawford & Company
CRD/B,Crawford & Company
CRDF,Cardiff Oncology Inc.
CRDL,Cardiol Therapeutics Inc.
CRDO,Credo Technology Group Holding Ltd
CRE,Cre8 Enterprise Limited
CREG,Smart Powerr Corp.
CRESW,Cresud S.A.C.I.F. y A. Warrant
CRESY,Cresud S.A.C.I.F. y A.
CREX,Creative Realities Inc.
CRF,Cornerstone Total Return Fund Inc. (The)
CRGO,Freightos Limited
CRGOW,Freightos Limited Warrants
CRGY,Crescent Energy Company
CRH,CRH PLC
CRI,Carter's Inc.
CRIS,Curis Inc.
CRK,Comstock Resources Inc.
CRL,Charles River Laboratories International Inc.
CRM,Salesforce Inc.
CRMD,CorMedix Inc.
CRML,Critical Metals Corp.
CRMLW,Critical Metals Corp. Warrants
CRMT,America's Car-Mart Inc
CRNC,Cerence Inc.
CRNT,Ceragon Networks Ltd.
CRNX,Crinetics Pharmaceuticals Inc.
CRON,Cronos Group Inc. Common Share
CROX,Crocs Inc.
CRS,Carpenter Technology Corporation
CRSP,CRISPR Therapeutics AG
CRSR,Corsair Gaming Inc.
CRT,Cross Timbers Royalty Trust
CRTO,Criteo S.A.
CRUS,Cirrus Logic Inc.
CRVL,CorVel Corp.
CRVO,CervoMed Inc.
CRVS,Corvus Pharmaceuticals Inc.
CRWD,CrowdStrike Holdings Inc.
CRWS,Crown Crafts Inc
CRWV,CoreWeave Inc.
CSAI,Cloudastructure Inc.
CSAN,Cosan S.A.
CSBR,Champions Oncology Inc.
CSCO,Cisco Systems Inc. (DE)
CSGP,CoStar Group Inc.
CSGS,CSG Systems International Inc.
CSIQ,Canadian Solar Inc. (ON)
CSL,Carlisle Companies Incorporated
CSPI,CSP Inc.
CSQ,Calamos Strategic Total Return
CSR,D/B/A Centerspace
CSTE,Caesarstone Ltd.
CSTL,Castle Biosciences Inc.
CSTM,Constellium SE (France)
CSV,Carriage Services Inc.
CSW,CSW Industrials Inc.
CSWC,Capital Southwest Corporation
CSX,CSX Corporation
CTA^A,EIDP Inc. Preferred Stock $3.50 Series
CTA^B,EIDP Inc. Preferred Stock $4.50 Series
CTAS,Cintas Corporation
CTBB,Qwest Corporation 6.5% Notes due 2056
CTBI,Community Trust Bancorp Inc.
CTDD,Qwest Corporation 6.75% Notes due 2057
CTEV,Claritev Corporation
CTGO,Contango ORE Inc.
CTKB,Cytek Biosciences Inc.
CTLP,Cantaloupe Inc.
CTM,Castellum Inc.
CTMX,CytomX Therapeutics Inc.
CTNM,Contineum Therapeutics Inc.
CTNT,Cheetah Net Supply Chain Service Inc
CTO,CTO Realty Growth Inc.
CTO^A,CTO Realty Growth Inc. 6.375% Series A Cumulative Redeemable Preferred Stock
CTOR,Citius Oncology Inc.
CTOS,Custom Truck One Source Inc.
CTRA,Coterra Energy Inc.
CTRE,CareTrust REIT Inc.
CTRI,Centuri Holdings Inc.
CTRM,Castor Maritime Inc.
CTRN,Citi Trends Inc.
CTS,CTS Corporation
CTSH,Cognizant Technology Solutions Corporation
CTSO,Cytosorbents Corporation
CTVA,Corteva Inc.
CTW,CTW Cayman
CTXR,Citius Pharmaceuticals Inc.
CUB,Lionheart Holdings
CUBB,Customers Bancorp Inc 5.375% Subordinated Notes Due 2034
CUBE,CubeSmart
CUBI,Customers Bancorp Inc
CUBWU,Lionheart Holdings Unit
CUBWW,Lionheart Holdings Warrant
CUE,Cue Biopharma Inc.
CUK,Carnival Plc
CULP,Culp Inc.
CUPR,Cuprina Holdings (Cayman) Limited
CURB,Curbline Properties Corp.
CURI,CuriosityStream Inc.
CURR,Currenc Group Inc.
CURV,Torrid Holdings Inc.
CURX,Curanex Pharmaceuticals Inc
CUZ,Cousins Properties Incorporated
CV,CapsoVision Inc.
CVBF,CVB Financial Corporation
CVCO,Cavco Industries Inc. When Issued
CVE,Cenovus Energy Inc
CVEO,Civeo Corporation (Canada)
CVGI,Commercial Vehicle Group Inc.
CVGW,Calavo Growers Inc.
CVI,CVR Energy Inc.
CVKD,Cadrenal Therapeutics Inc.
CVLG,Covenant Logistics Group Inc.
CVLT,Commvault Systems Inc.
CVM,Cel-Sci Corporation
CVNA,Carvana Co.
CVR,Chicago Rivet & Machine Co.
CVRX,CVRx Inc.
CVS,CVS Health Corporation
CVU,CPI Aerostructures Inc.
CVV,CVD Equipment Corporation
CVX,Chevron Corporation
CW,Curtiss-Wright Corporation
CWAN,Clearwater Analytics Holdings Inc.
CWBC,Community West Bancshares
CWCO,Consolidated Water Co. Ltd.
CWD,CaliberCos Inc.
CWEN,Clearway Energy Inc. Class C
CWH,Camping World Holdings Inc.
CWK,Cushman & Wakefield Ltd.
CWST,Casella Waste Systems Inc.
CWT,California Water Service Group
CX,Cemex S.A.B. de C.V. Sponsored ADR
CXAI,CXApp Inc.
CXAIW,CXApp Inc. Warrant
CXDO,Crexendo Inc.
CXE,MFS High Income Municipal Trust
CXH,MFS Investment Grade Municipal Trust
CXM,Sprinklr Inc.
CXT,Crane NXT Co.
CXW,CoreCivic Inc.
CYCN,Cyclerion Therapeutics Inc.
CYCU,Cycurion Inc.
CYCUW,Cycurion Inc. Warrant
CYD,China Yuchai International Limited
CYH,Community Health Systems Inc.
CYN,Cyngn Inc.
CYPH,Cypherpunk Technologies Inc.
CYRX,CryoPort Inc.
CYTK,Cytokinetics Incorporated
CZFS,Citizens Financial Services Inc.
CZNC,Citizens & Northern Corp
CZR,Caesars Entertainment Inc.
CZWI,Citizens Community Bancorp Inc.
D,Dominion Energy Inc.
DAAQ,Digital Asset Acquisition Corp.
DAAQU,Digital Asset Acquisition Corp.
DAAQW,Digital Asset Acquisition Corp. Warrant
DAC,Danaos Corporation
DAIC,CID HoldCo Inc.
DAICW,CID HoldCo Inc. Warrants
DAIO,Data I/O Corporation
DAKT,Daktronics Inc.
DAL,Delta Air Lines Inc.
DAN,Dana Incorporated
DAO,Youdao Inc.
DAR,Darling Ingredients Inc.
DARE,Dare Bioscience Inc.
DASH,DoorDash Inc.
DAVA,Endava plc (
DAVE,Dave Inc.
DAVEW,Dave Inc. Warrants
DAWN,Day One Biopharmaceuticals Inc.
DB,Deutsche Bank AG
DBCAU,D. Boral Acquisition I Corp. Unit
DBD,Diebold Nixdorf Incorporated
DBGI,Digital Brands Group Inc.
DBI,Designer Brands Inc.
DBL,DoubleLine Opportunistic Credit Fund of Beneficial Interest
DBRG,DigitalBridge Group Inc.
DBRG^H,DigitalBridge Group Inc. 7.125% Series H
DBRG^I,DigitalBridge Group Inc. 7.15% Series I
DBRG^J,DigitalBridge Group Inc. 7.125% Series J
DBVT,DBV Technologies S.A.
DBX,Dropbox Inc.
DC,Dakota Gold Corp.
DCBO,Docebo Inc.
DCGO,DocGo Inc.
DCH,Dauch Corporation
DCI,Donaldson Company Inc.
DCO,Ducommun Incorporated
DCOM,Dime Community Bancshares Inc.
DCOMG,Dime Community Bancshares Inc. 9.000% Fixed-to-Floating Rate Subordinated Notes due 2034
DCOMP,Dime Community Bancshares Inc. Fixed-Rate Non- Series A
DCOY,Decoy Therapeutics Inc.
DCTH,Delcath Systems Inc.
DCX,Digital Currency X Technology Inc.
DD,DuPont de Nemours Inc.
DDC,DDC Enterprise Limited
DDD,3D Systems Corporation
DDI,DoubleDown Interactive Co. Ltd. American Depository Shares
DDL,Dingdong (Cayman) Limited (each two representing three )
DDOG,Datadog Inc.
DDS,Dillard's Inc.
DDT,Dillard's Capital Trust I
DE,Deere & Company
DEA,Easterly Government Properties Inc.
DEC,Diversified Energy Company
DECK,Deckers Outdoor Corporation
DEFT,Defi Technologies Inc.
DEI,Douglas Emmett Inc.
DELL,Dell Technologies Inc. Class C
DEO,Diageo plc
DERM,Journey Medical Corporation
DEVS,DevvStream Corp.
DFDV,DeFi Development Corp.
DFDVW,DeFi Development Corp. Warrant
DFH,Dream Finders Homes Inc.
DFIN,Donnelley Financial Solutions Inc.
DFLI,Dragonfly Energy Holdings Corp. (NV)
DFLIW,Dragonfly Energy Holdings Corp. Warrant
DFNS,T3 Defense Inc.
DFNSW,T3 Defense Inc. Warrants
DFP,Flaherty & Crumrine Dynamic Preferred and Income Fund Inc.
DFSC,DEFSEC Technologies Inc.
DFSCW,DEFSEC Technologies Inc. Warrant
DFTX,Definium Therapeutics Inc.
DG,Dollar General Corporation
DGICA,Donegal Group Inc.
DGICB,Donegal Group Inc. Class B
DGII,Digi International Inc.
DGNX,Diginex Limited
DGX,Quest Diagnostics Incorporated
DGXX,Digi Power X Inc. Subordinate Voting Shares
DH,Definitive Healthcare Corp.
DHC,Diversified Healthcare Trust of Beneficial Interest
DHCNI,Diversified Healthcare Trust 5.625% Senior Notes due 2042
DHCNL,Diversified Healthcare Trust 6.25% Senior Notes Due 2046
DHF,BNY Mellon High Yield Strategies Fund
DHI,D.R. Horton Inc.
DHIL,Diamond Hill Investment Group Inc.
DHR,Danaher Corporation
DHT,DHT Holdings Inc.
DHX,DHI Group Inc.
DHY,Credit Suisse High Yield Credit Fund
DIAX,Nuveen Dow 30SM Dynamic Overwrite Fund of Beneficial Interest
DIBS,1stdibs.com Inc.
DIN,Dine Brands Global Inc.
DINO,HF Sinclair Corporation
DIOD,Diodes Incorporated
DIS,Walt Disney Company (The)
DIT,AMCON Distributing Company
DJCO,Daily Journal Corp. (S.C.)
DJT,Trump Media & Technology Group Corp.
DJTWW,Trump Media & Technology Group Corp. Warrants
DK,Delek US Holdings Inc.
DKI,DarkIris Inc.
DKL,Delek Logistics Partners L.P. Common representing Limited Partner Interests
DKNG,DraftKings Inc.
DKS,Dick's Sporting Goods Inc
DLB,Dolby Laboratories
DLHC,DLH Holdings Corp.
DLNG,Dynagas LNG Partners LP Common
DLNG^A,Dynagas LNG Partners LP 9.00% Series A Cumulative Redeemable Preferred
DLO,DLocal Limited
DLPN,Dolphin Entertainment Inc.
DLR,Digital Realty Trust Inc.
DLR^J,Digital Realty Trust Inc. 5.250% Series J Cumulative Redeemable Preferred Stock
DLR^K,Digital Realty Trust Inc. 5.850% Series K Cumulative Redeemable Preferred Stock par value $0.01 per share
DLR^L,Digital Realty Trust Inc. 5.200% Series L Cumulative Redeemable Preferred Stock
DLTH,Duluth Holdings Inc. Class B
DLTR,Dollar Tree Inc.
DLX,Deluxe Corporation
DLXY,Delixy Holdings Limited
DLY,DoubleLine Yield Opportunities Fund of Beneficial Interest
DMA,Destra Multi-Alternative Fund
DMAA,Drugs Made In America Acquisition Corp.
DMAAR,Drugs Made In America Acquisition Corp.
DMAC,DiaMedica Therapeutics Inc.
DMB,BNY Mellon Municipal Bond Infrastructure Fund Inc.
DMII,Drugs Made In America Acquisition II Corp.
DMIIR,Drugs Made In America Acquisition II Corp. Right
DMIIU,Drugs Made In America Acquisition II Corp. Unit
DMLP,Dorchester Minerals L.P. Common Representing Limited Partnership Interests
DMO,Western Asset Mortgage Opportunity Fund Inc.
DMRC,Digimarc Corporation
DNA,Ginkgo Bioworks Holdings Inc.
DNLI,Denali Therapeutics Inc.
DNMX,Dynamix Corporation III
DNMXU,Dynamix Corporation III Unit
DNMXW,Dynamix Corporation III Warrants
DNN,Denison Mines Corp (Canada)
DNOW,DNOW Inc.
DNP,DNP Select Income Fund Inc.
DNTH,Dianthus Therapeutics Inc.
DNUT,Krispy Kreme Inc.
DOC,Healthpeak Properties Inc.
DOCN,DigitalOcean Holdings Inc.
DOCS,Doximity Inc.
DOCU,DocuSign Inc.
DOGZ,Dogness (International) Corporation
DOLE,Dole plc
DOMH,Dominari Holdings Inc.
DOMO,Domo Inc. Class B
DOO,BRP Inc. Common Subordinate Voting Shares
DORM,Dorman Products Inc.
DOUG,Douglas Elliman Inc.
DOV,Dover Corporation
DOW,Dow Inc.
DOX,Amdocs Limited
DOYU,DouYu International Holdings Limited
DPG,Duff & Phelps Utility and Infrastructure Fund Inc.
DPRO,Draganfly Inc.
DPZ,Domino's Pizza Inc
DQ,DAQO New Energy Corp.
DRCT,Direct Digital Holdings Inc.
DRD,DRDGOLD Limited
DRDB,Roman DBDR Acquisition Corp. II
DRDBW,Roman DBDR Acquisition Corp. II Warrants
DRH,Diamondrock Hospitality Company
DRI,Darden Restaurants Inc.
DRIO,DarioHealth Corp.
DRMA,Dermata Therapeutics Inc.
DRMAW,Dermata Therapeutics Inc. Warrant
DRS,Leonardo DRS Inc.
DRTS,Alpha Tau Medical Ltd.
DRTSW,Alpha Tau Medical Ltd. Warrant
DRUG,Bright Minds Biosciences Inc.
DRVN,Driven Brands Holdings Inc.
DSAC,Daedalus Special Acquisition Corp.
DSACU,Daedalus Special Acquisition Corp. Unit
DSACW,Daedalus Special Acquisition Corp. Warrant
DSGN,Design Therapeutics Inc.
DSGR,Distribution Solutions Group Inc.
DSGX,Descartes Systems Group Inc. (The)
DSL,DoubleLine Income Solutions Fund of Beneficial Interests
DSM,BNY Mellon Strategic Municipal Bond Fund Inc.
DSP,Viant Technology Inc.
DSS,DSS Inc.
DSU,Blackrock Debt Strategies Fund Inc.
DSWL,Deswell Industries Inc.
DSX,Diana Shipping inc.
DSX^B,Diana Shipping Inc. Perpetual Preferred Shares Series B (Marshall Islands)
DSY,Big Tree Cloud Holdings Limited
DSYWW,Big Tree Cloud Holdings Limited Warrants
DT,Dynatrace Inc.
DTB,DTE Energy Company 2020 Series G 4.375% Junior Subordinated Debentures due 2080
DTCK,Davis Commodities Limited
DTCX,Datacentrex Inc.
DTE,DTE Energy Company
DTF,DTF Tax-Free Income 2028 Term Fund Inc.
DTG,DTE Energy Company 2021 Series E 4.375% Junior Subordinated Debentures
DTI,Drilling Tools International Corporation
DTIL,Precision BioSciences Inc.
DTK,DTE Energy Company 2025 Series H 6.25% Junior Subordinated Debentures due 2085
DTM,DT Midstream Inc.
DTSQ,DT Cloud Star Acquisition Corporation
DTSQR,DT Cloud Star Acquisition Corporation Right
DTSS,Datasea Inc.
DTST,Data Storage Corporation
DTSTW,Data Storage Corporation Warrant
DTW,DTE Energy Company 2017 Series E 5.25% Junior Subordinated Debentures due 2077
DUK,Duke Energy Corporation (Holding Company)
DUK^A,Duke Energy Corporation
DUKB,Duke Energy Corporation 5.625% Junior Subordinated Debentures due 2078
DUO,Fangdd Network Group Ltd.
DUOL,Duolingo Inc.
DUOT,Duos Technologies Group Inc.
DV,DoubleVerify Holdings Inc.
DVA,DaVita Inc.
DVLT,Datavault AI Inc.
DVN,Devon Energy Corporation
DVS,Dolly Varden Silver Corporation
DWSN,Dawson Geophysical Company
DWTX,Dogwood Therapeutics Inc.
DX,Dynex Capital Inc.
DX^C,Dynex Capital Inc. 6.900% Series C Fixed-to-Floating Rate Cumulative Redeemable Preferred Stock
DXC,DXC Technology Company
DXCM,DexCom Inc.
DXF,Eason Technology Limited (
DXLG,Destination XL Group Inc.
DXPE,DXP Enterprises Inc.
DXR,Daxor Corporation
DXST,Decent Holding Inc
DXYZ,Destiny Tech100 Inc.
DY,Dycom Industries Inc.
DYAI,Dyadic International Inc.
DYN,Dyne Therapeutics Inc.
DYOR,Insight Digital Partners II
DYORU,Insight Digital Partners II
DYORW,Insight Digital Partners II Warrants
E,ENI S.p.A.
EA,Electronic Arts Inc.
EAD,Allspring Income Opportunities Fund
EAF,GrafTech International Ltd.
EAI,Entergy Arkansas LLC First Mortgage Bonds 4.875% Series Due September 1 2066
EARN,Ellington Credit Company of Beneficial Interest
EAT,Brinker International Inc.
EB,Eventbrite Inc.
EBAY,eBay Inc.
EBC,Eastern Bankshares Inc.
EBF,Ennis Inc.
EBMT,Eagle Bancorp Montana Inc.
EBON,Ebang International Holdings Inc.
EBS,Emergent BioSolutions Inc.
EC,Ecopetrol S.A.
ECAT,BlackRock ESG Capital Allocation Term Trust of Beneficial Interest
ECBK,ECB Bancorp Inc.
ECC           ,Eagle Point Credit Company Inc.
ECC^D,Eagle Point Credit Company Inc. 6.75% Series D Preferred Stock
ECCC,Eagle Point Credit Company Inc. 6.50% Series C Term Preferred Stock due 2031
ECCU,Eagle Point Credit Company Inc. 7.75% Notes due 2030
ECCV,Eagle Point Credit Company Inc. 5.375% Notes due 2029
ECCW,Eagle Point Credit Company Inc. 6.75% Notes due 2031
ECCX,Eagle Point Credit Company Inc. 6.6875% Notes due 2028
ECF,Ellsworth Growth and Income Fund Ltd.
ECF^A,Ellsworth Growth and Income Fund Ltd. 5.25% Series A Cumulative Preferred Shares (Liquidation Preference $25.00 per share)
ECG,Everus Construction Group Inc.
ECL,Ecolab Inc.
ECO,Okeanis Eco Tankers Corp.
ECOR,electroCore Inc.
ECPG,Encore Capital Group Inc
ECVT,Ecovyst Inc.
ECX,ECARX Holdings Inc.
ECXWW,ECARX Holdings Inc. Warrants
ED,Consolidated Edison Inc.
EDAP,EDAP TMS S.A.
EDBL,Edible Garden AG Incorporated
EDBLW,Edible Garden AG Incorporated Warrant
EDD,Morgan Stanley Emerging Markets Domestic Debt Fund Inc.
EDF,Virtus Stone Harbor Emerging Markets Income Fund of Beneficial Interest
EDHL,Everbright Digital Holding Limited
EDIT,Editas Medicine Inc.
EDN,Empresa Distribuidora Y Comercializadora Norte S.A. (Edenor)
EDRY,EuroDry Ltd.
EDSA,Edesa Biotech Inc.
EDTK,Skillful Craftsman Education Technology Limited
EDU,New Oriental Education & Technology Group Inc. Sponsored ADR representing 10 (Cayman Islands)
EDUC,Educational Development Corporation
EE,Excelerate Energy Inc.
EEA,The European Equity Fund Inc.
EEFT,Euronet Worldwide Inc.
EEIQ,EpicQuest Education Group International Limited
EEX,Emerald Holding Inc.
EFC,Ellington Financial Inc.
EFC^A,Ellington Financial Inc. 6.750% Series A Fixed-to-Floating Rate Cumulative Redeemable Preferred Stock
EFC^B,Ellington Financial Inc. 6.250% Series B Fixed-Rate Reset Cumulative Redeemable Preferred Stock
EFC^C,Ellington Financial Inc. 8.625% Series C Fixed-Rate Reset Cumulative Redeemable Preferred Stock
EFC^D,Ellington Financial Inc. 7.00% Series D Cumulative Perpetual Redeemable Preferred Stock
EFOI,Energy Focus Inc.
EFR,Eaton Vance Senior Floating-Rate Fund of Beneficial Interest
EFSC,Enterprise Financial Services Corporation
EFSCP,Enterprise Financial Services Corporation
EFSI,Eagle Financial Services Inc
EFT,Eaton Vance Floating Rate Income Trust of Beneficial Interest
EFX,Equifax Inc.
EFXT,Enerflex Ltd
EGO,Eldorado Gold Corporation
EGP,EastGroup Properties Inc.
EGY,VAALCO Energy Inc.
EH,EHang Holdings Limited
EHAB,Enhabit Inc.
EHC,Encompass Health Corporation
EHGO,Eshallgo Inc.
EHI,Western Asset Global High Income Fund Inc
EHLD,Euroholdings Ltd.
EHTH,eHealth Inc.
EIC,Eagle Point Income Company Inc.
EICA,Eagle Point Income Company Inc. 5.00% Series A Term Preferred Stock due 2026
EICC,Eagle Point Income Company Inc. 8.00% Series C Term Preferred Stock due 2029
EIG,Employers Holdings Inc
EIIA,Eagle Point Institutional Income Fund 8.125% Series A Term Preferred Shares Due 2029
EIKN,Eikon Therapeutics Inc.
EIM,Eaton Vance Municipal Bond Fund of Beneficial Interest $.01 par value
EIX,Edison International
EJH,E-Home Household Service Holdings Limited
EKSO,Ekso Bionics Holdings Inc.
EL,Estee Lauder Companies Inc. (The)
ELA,Envela Corporation
ELAB,PMGC Holdings Inc.
ELAN,Elanco Animal Health Incorporated
ELBM,Electra Battery Materials Corporation
ELC,Entergy Louisiana Inc. Collateral Trust Mortgage Bonds 4.875 % Series due September 1 2066
ELDN,Eledon Pharmaceuticals Inc.
ELE,Elemental Royalty Corporation
ELF,e.l.f. Beauty Inc.
ELLO,Ellomay Capital Ltd (Israel)
ELMD,Electromed Inc.
ELME,Elme Communities
ELOG,Eastern International Ltd.
ELPC,Companhia Paranaense de Energia (COPEL) (
ELPW,Elong Power Holding Limited
ELS,Equity Lifestyle Properties Inc.
ELSE,Electro-Sensors Inc.
ELTK,Eltek Ltd.
ELTX,Elicio Therapeutics Inc.
ELUT,Elutia Inc.
ELV,Elevance Health Inc.
ELVA,Electrovaya Inc.
ELVN,Enliven Therapeutics Inc.
ELVR,Elevra Lithium Limited American Depository Shares
ELWT,Elauwit Connection Inc.
EM,Smart Share Global Limited
EMA,Emera Incorporated
EMAT,Evolution Metals & Technologies Corp.
EMBC,Embecta Corp.
EMBJ,Embraer S.A.
EMD,Western Asset Emerging Markets Debt Fund Inc
EME,EMCOR Group Inc.
EMF,Templeton Emerging Markets Fund
EMIS,Emmis Acquisition Corp.
EML,Eastern Company (The)
EMN,Eastman Chemical Company
EMO,ClearBridge Energy Midstream Opportunity Fund Inc.
EMP,Entergy Mississippi LLC First Mortgage Bonds 4.90% Series Due October 1 2066
EMPD,Empery Digital Inc.
EMR,Emerson Electric Company
ENB,Enbridge Inc
ENGN,enGene Holdings Inc.
ENGNW,enGene Holdings Inc. Warrants
ENGS,Energys Group Limited
ENIC,Enel Chile S.A. (
ENLT,Enlight Renewable Energy Ltd.
ENLV,Enlivex Therapeutics Ltd.
ENO,Entergy New Orleans LLC First Mortgage Bonds 5.50% Series due April 1 2066
ENOV,Enovis Corporation
ENPH,Enphase Energy Inc.
ENR,Energizer Holdings Inc.
ENS,EnerSys
ENSC,Ensysce Biosciences Inc.
ENSG,The Ensign Group Inc.
ENTA,Enanta Pharmaceuticals Inc.
ENTG,Entegris Inc.
ENTX,Entera Bio Ltd.
ENVA,Enova International Inc.
ENVB,Enveric Biosciences Inc.
ENVX,Enovix Corporation
EOD,Allspring Global Dividend Opportunity Fund of Beneficial Interest
EOG,EOG Resources Inc.
EOI,Eaton Vance Enhance Equity Income Fund Eaton Vance Enhanced Equity Income Fund Shares of Beneficial Interest
EOLS,Evolus Inc.
EONR,EON Resources Inc.
EOS,Eaton Vance Enhance Equity Income Fund II
EOSE,Eos Energy Enterprises Inc.
EOT,Eaton Vance Municipal Income Trust EATON VANCE NATIONAL MUNICIPAL OPPORTUNITIES TRUST
EP,Empire Petroleum Corporation
EP^C,El Paso Corporation Preferred Stock
EPAC,Enerpac Tool Group Corp.
EPAM,EPAM Systems Inc.
EPC,Edgewell Personal Care Company
EPD,Enterprise Products Partners L.P.
EPM,Evolution Petroleum Corporation Inc.
EPOW,E-Power Inc.
EPR,EPR Properties
EPR^C,EPR Properties 5.75% Series C Cumulative Convertible Preferred Shares
EPR^E,EPR Properties Series E Cumulative Conv Pfd Shs Ser E
EPR^G,EPR Properties 5.750% Series G Cumulative Redeemable Preferred Shares
EPRT,Essential Properties Realty Trust Inc.
EPRX,Eupraxia Pharmaceuticals Inc.
EPSM,Epsium Enterprise Limited
EPSN,Epsilon Energy Ltd. Common Share
EQ,Equillium Inc.
EQBK,Equity Bancshares Inc.
EQH,Equitable Holdings Inc.
EQH^A,Equitable Holdings Inc.
EQH^C,Equitable Holdings Inc.
EQIX,Equinix Inc. REIT
EQNR,Equinor ASA
EQPT,EquipmentShare.com Inc
EQR,Equity Residential of Beneficial Interest
EQS,Equus Total Return Inc.
EQT,EQT Corporation
EQX,Equinox Gold Corp.
ERAS,Erasca Inc.
ERC,Allspring Multi-Sector Income Fund
ERH,Allspring Utilities and High Income Fund
ERIC,Ericsson
ERIE,Erie Indemnity Company
ERII,Energy Recovery Inc.
ERNA,Ernexa Therapeutics Inc.
ERNAW,Ernexa Therapeutics Inc. Warrants
ERO,Ero Copper Corp.
ES,Eversource Energy (D/B/A)
ESAB,ESAB Corporation
ESCA,Escalade Incorporated
ESE,ESCO Technologies Inc.
ESEA,Euroseas Ltd. (Marshall Islands)
ESGL,ESGL Holdings Limited
ESHA,ESH Acquisition Corp.
ESHAR,ESH Acquisition Corp. Right
ESI,Element Solutions Inc.
ESLA,Estrella Immunopharma Inc.
ESLT,Elbit Systems Ltd.
ESNT,Essent Group Ltd.
ESOA,Energy Services of America Corporation
ESP,Espey Mfg. & Electronics Corp.
ESPR,Esperion Therapeutics Inc.
ESQ,Esquire Financial Holdings Inc.
ESRT,Empire State Realty Trust Inc.
ESS,Essex Property Trust Inc.
ESTA,Establishment Labs Holdings Inc.
ESTC,Elastic N.V.
ET,Energy Transfer LP Common
ET^I,Energy Transfer L.P. Series I Fixed Rate Perpetual Preferred
ETB,Eaton Vance Tax-Managed Buy-Write Income Fund Eaton Vance Tax-Managed Buy-Write Income Fund of Beneficial Interest
ETD,Ethan Allen Interiors Inc.
ETG,Eaton Vance Tax-Advantaged Global Dividend Income Fund of Beneficial Interest
ETHM,Dynamix Corporation
ETHMU,Dynamix Corporation Unit
ETHMW,Dynamix Corporation Warrant
ETHZ,ETHZilla Corporation
ETI^,Entergy Texas Inc 5.375% Series A Preferred Stock Cumulative No Par Value
ETJ,Eaton Vance Risk-Managed Diversified Equity Income Fund of Beneficial Interest
ETN,Eaton Corporation PLC
ETO,Eaton Vance Tax-Advantage Global Dividend Opp
ETON,Eton Pharmaceuticals Inc.
ETOR,eToro Group Ltd.
ETR,Entergy Corporation
ETS,Elite Express Holding Inc.
ETSY,Etsy Inc.
ETV,Eaton Vance Corporation Eaton Vance Tax-Managed Buy-Write Opportunities Fund of Beneficial Interest
ETW,Eaton Vance Corporation Eaton Vance Tax-Managed Global Buy-Write Opportunites Fund of Beneficial Interest
ETX           ,Eaton Vance Municipal Income 2028 Term Trust of Beneficial Interest
ETY,Eaton Vance Tax-Managed Diversified Equity Income Fund of Beneficial Interest
EU,enCore Energy Corp.
EUDA,EUDA Health Holdings Limited
EUDAW,EUDA Health Holdings Limited Warrant
EURK,Eureka Acquisition Corp
EURKR,Eureka Acquisition Corp Right
EVAC,EQV Ventures Acquisition Corp. II
EVAX,Evaxion A/S American Depositary Share
EVC,Entravision Communications Corporation
EVCM,EverCommerce Inc.
EVER,EverQuote Inc.
EVEX,Eve Holding Inc.
EVF,Eaton Vance Senior Income Trust
EVG,Eaton Vance Short Diversified Income Fund Eaton Vance Short Duration Diversified Income Fund of Beneficial Interest
EVGN,Evogene Ltd
EVGO,EVgo Inc.
EVGOW,EVgo Inc. Warrants
EVH,Evolent Health Inc
EVI,EVI Industries Inc.
EVLV,Evolv Technologies Holdings Inc.
EVLVW,Evolv Technologies Holdings Inc. Warrant
EVMN,Evommune Inc.
EVN,Eaton Vance Municipal Income Trust
EVO,Evotec SE
EVOX,Evolution Global Acquisition Corp
EVOXU,Evolution Global Acquisition Corp
EVOXW,Evolution Global Acquisition Corp Warrants
EVR,Evercore Inc.
EVRG,Evergy Inc.
EVT,Eaton Vance Tax Advantaged Dividend Income Fund of Beneficial Interest
EVTC,Evertec Inc.
EVTL,Vertical Aerospace Ltd.
EVTV,Envirotech Vehicles Inc.
EVV,Eaton Vance Limited Duration Income Fund of Beneficial Interest
EW,Edwards Lifesciences Corporation
EWBC,East West Bancorp Inc.
EWCZ,European Wax Center Inc.
EWTX,Edgewise Therapeutics Inc.
EXAS,Exact Sciences Corporation
EXC,Exelon Corporation
EXE,Expand Energy Corporation
EXEL,Exelixis Inc.
EXFY,Expensify Inc.
EXG,Eaton Vance Tax-Managed Global Diversified Equity Income Fund of Beneficial Interest
EXK,Endeavour Silver Corporation (Canada)
EXLS,ExlService Holdings Inc.
EXOD,Exodus Movement Inc.
EXOZ,eXoZymes Inc.
EXP,Eagle Materials Inc
EXPD,Expeditors International of Washington Inc.
EXPE,Expedia Group Inc.
EXPI,eXp World Holdings Inc.
EXPO,Exponent Inc.
EXR,Extra Space Storage Inc
EXTR,Extreme Networks Inc.
EYE,National Vision Holdings Inc.
EYPT,EyePoint Inc.
EZGO,EZGO Technologies Ltd.
EZPW,EZCORP Inc. Non Voting
EZRA,Reliance Global Group Inc.
F,Ford Motor Company
F^B,Ford Motor Company 6.20% Notes due June 1 2059
F^C,Ford Motor Company 6% Notes due December 1 2059
F^D,Ford Motor Company 6.500% Notes due August 15 2062
FA,First Advantage Corporation
FACT,FACT II Acquisition Corp.
FACTU,FACT II Acquisition Corp. Unit
FACTW,FACT II Acquisition Corp. Warrant
FAF,First American Corporation (New)
FAMI,Farmmi Inc.
FANG,Diamondback Energy Inc.
FARM,Farmer Brothers Company
FAST,Fastenal Company
FATE,Fate Therapeutics Inc.
FATN,FatPipe Inc.
FAX,abrdn Asia-Pacific Income Fund Inc.
FBGL,FBS Global Limited
FBIN,Fortune Brands Innovations Inc.
FBIO,Fortress Biotech Inc.
FBIOP,Fortress Biotech Inc. 9.375% Series A Cumulative Redeemable Perpetual Preferred Stock
FBIZ,First Business Financial Services Inc.
FBK,FB Financial Corporation
FBLA,FB Bancorp Inc.
FBLG,FibroBiologics Inc.
FBNC,First Bancorp
FBP,First BanCorp. New
FBRT,Franklin BSP Realty Trust Inc.
FBRT^E,Franklin BSP Realty Trust Inc. 7.50% Series E Cumulative Redeemable Preferred Stock
FBRX,Forte Biosciences Inc.
FBYD,Falcon's Beyond Global Inc.
FBYDW,Falcon's Beyond Global Inc. Warrants
FC,Franklin Covey Company
FCAP,First Capital Inc.
FCBC,First Community Bankshares Inc. (VA)
FCCO,First Community Corporation
FCEL,FuelCell Energy Inc.
FCF,First Commonwealth Financial Corporation
FCFS,FirstCash Holdings Inc.
FCHL,Fitness Champs Holdings Limited
FCN,FTI Consulting Inc.
FCNCA,First Citizens BancShares Inc.
FCNCN,First Citizens BancShares Inc.
FCNCO,First Citizens BancShares Inc. 5.625% Non- Series C
FCNCP,First Citizens BancShares Inc.
FCO,abrdn Global Income Fund Inc.
FCPT,Four Corners Property Trust Inc.
FCRS,FutureCrest Acquisition Corp.
FCRX,Crescent Capital BDC Inc. 5.00% Notes due 2026
FCT,First Trust Senior Floating Rate Income Fund II of Beneficial Interest
FCUV,Focus Universal Inc.
FCX,Freeport-McMoRan Inc.
FDBC,Fidelity D & D Bancorp Inc.
FDMT,4D Molecular Therapeutics Inc.
FDP,Fresh Del Monte Produce Inc.
FDS,FactSet Research Systems Inc.
FDSB,Fifth District Bancorp Inc.
FDUS,Fidus Investment Corporation
FDX,FedEx Corporation
FE,FirstEnergy Corp.
FEAM,5E Advanced Materials Inc.
FEBO,Fenbo Holdings Limited
FEDU,Four Seasons Education (Cayman) Inc. each representing 10
FEED,ENvue Medical Inc.
FEIM,Frequency Electronics Inc.
FELE,Franklin Electric Co. Inc.
FEMY,Femasys Inc.
FENC,Fennec Pharmaceuticals Inc.
FENG,Phoenix New Media Limited
FER,Ferrovial SE
FERA,Fifth Era Acquisition Corp I
FERAR,Fifth Era Acquisition Corp I
FERAU,Fifth Era Acquisition Corp I
FERG,Ferguson Enterprises Inc.
FET,Forum Energy Technologies Inc.
FF,FutureFuel Corp.
FFA,First Trust Enhanced Equity Income Fund of Beneficial Interest
FFAI,Faraday Future Intelligent Electric Inc.
FFAIW,Faraday Future Intelligent Electric Inc. Warrant
FFBC,First Financial Bancorp.
FFC,Flaherty & Crumrine Preferred and Income Securities Fund Incorporated
FFIC,Flushing Financial Corporation
FFIN,First Financial Bankshares Inc.
FFIV,F5 Inc.
FFWM,First Foundation Inc.
FG,F&G Annuities & Life Inc.
FGBI,First Guaranty Bancshares Inc.
FGBIP,First Guaranty Bancshares Inc. 6.75% Series A Fixed-Rate Non-
FGI,FGI Industries Ltd.
FGIIU,FG Imperii Acquisition Corp.
FGIWW,FGI Industries Ltd. Warrant
FGL,Founder Group Limited
FGMC,FG Merger II Corp.
FGMCR,FG Merger II Corp.
FGN,F&G Annuities & Life Inc. 7.950% Senior Notes due 2053
FGNX,FG Nexus Inc.
FGNXP,FG Nexus Inc. 8.00% Cumulative Preferred Stock
FGSN,F&G Annuities & Life Inc. 7.300% Junior Subordinated Notes due 2065
FHB,First Hawaiian Inc.
FHI,Federated Hermes Inc.
FHN,First Horizon Corporation
FHN^C,First Horizon Corporation
FHN^E,First Horizon Corporation
FHN^F,First Horizon Corporation
FHTX,Foghorn Therapeutics Inc.
FIBK,First Interstate BancSystem Inc. (DE)
FICO,Fair Isaac Corporation
FIEE,FiEE Inc
FIG,Figma Inc.
FIGR,Figure Technology Solutions Inc.
FIGS,FIGS Inc.
FIGX,FIGX Capital Acquisition Corp.
FIGXW,FIGX Capital Acquisition Corp. Warrant
FIHL,Fidelis Insurance Holdings Limited
FINS,Angel Oak Financial Strategies Income Term Trust of Beneficial Interest
FINV,FinVolution Group
FINW,FinWise Bancorp
FIP,FTAI Infrastructure Inc.
FIS,Fidelity National Information Services Inc.
FISI,Financial Institutions Inc.
FISV,Fiserv Inc.
FITB,Fifth Third Bancorp
FITBI,Fifth Third Bancorp
FITBM,Fifth Third Bancorp Representing a 1/40th Ownership Interest in a Share of 6.875% Fixed-Rate Reset Non- Series M
FITBO,Fifth Third Bancorp
FITBP,Fifth Third Bancorp
FIVE,Five Below Inc.
FIVN,Five9 Inc.
FIX,Comfort Systems USA Inc.
FIZZ,National Beverage Corp.
FJET,Starfighters Space Inc.
FKWL,Franklin Wireless Corp.
FLC,Flaherty & Crumrine Total Return Fund Inc
FLD,Fold Holdings Inc.
FLDDW,Fold Holdings Inc. Warrant
FLEX,Flex Ltd.
FLG,Flagstar Bank N.A.
FLG^A,Flagstar Bank N.A.
FLG^U,Flagstar Bank N.A. Bifurcated Option Note Unit SecuritiES
FLGT,Fulgent Genetics Inc.
FLL,Full House Resorts Inc.
FLNC,Fluence Energy Inc.
FLNG,FLEX LNG Ltd.
FLNT,Fluent Inc.
FLO,Flowers Foods Inc.
FLOC,Flowco Holdings Inc.
FLR,Fluor Corporation
FLS,Flowserve Corporation
FLUT,Flutter Entertainment plc
FLUX,Flux Power Holdings Inc.
FLWS,1-800-FLOWERS.COM Inc.
FLX,BingEx Limited
FLXS,Flexsteel Industries Inc.
FLY,Firefly Aerospace Inc.
FLYE,Fly-E Group Inc.
FLYW,Flywire Corporation Voting
FLYX,flyExclusive Inc.
FMAO,Farmers & Merchants Bancorp Inc.
FMBH,First Mid Bancshares Inc.
FMC,FMC Corporation
FMFC,Kandal M Venture Limited
FMN,Federated Hermes Premier Municipal Income Fund
FMNB,Farmers National Banc Corp.
FMS,Fresenius Medical Care AG (
FMST,Foremost Clean Energy Ltd.
FMSTW,Foremost Clean Energy Ltd. Warrant
FMX,Fomento Economico Mexicano S.A.B. de C.V.
FMY,First Trust Mortgage Income Fund of Beneficial Interest
FN,Fabrinet
FNB,F.N.B. Corporation
FND,Floor & Decor Holdings Inc.
FNF,Fidelity National Financial Inc.
FNGR,FingerMotion Inc.
FNKO,Funko Inc.
FNLC,First Bancorp Inc (ME)
FNV,Franco-Nevada Corporation
FNWB,First Northwest Bancorp
FNWD,Finward Bancorp
FOA,Finance of America Companies Inc.
FOF,Cohen & Steers Closed-End Opportunity Fund Inc.
FOFO,Hang Feng Technology Innovation Co. Ltd.
FOLD,Amicus Therapeutics Inc.
FONR,Fonar Corporation
FOR,Forestar Group Inc
FORA,Forian Inc.
FORM,FormFactor Inc. FormFactor Inc.
FORR,Forrester Research Inc.
FORTY,Formula Systems (1985) Ltd.
FOSL,Fossil Group Inc.
FOUR,Shift4 Payments Inc.
FOUR^A,Shift4 Payments Inc. 6.00% Series A Mandatory Convertible Preferred Stock
FOX,Fox Corporation Class B
FOXA,Fox Corporation
FOXF,Fox Factory Holding Corp.
FOXX,Foxx Development Holdings Inc.
FOXXW,Foxx Development Holdings Inc. Warrant
FPF,First Trust Intermediate Duration Preferred & Income Fund of Beneficial Interest
FPH,Five Point Holdings LLC
FPI,Farmland Partners Inc.
FPS,Forgent Power Solutions Inc.
FR,First Industrial Realty Trust Inc.
FRA,Blackrock Floating Rate Income Strategies Fund Inc
FRAF,Franklin Financial Services Corporation
FRBA,First Bank
FRD,Friedman Industries Inc.
FRGE,Forge Global Holdings Inc.
FRGT,Freight Technologies Inc.
FRHC,Freedom Holding Corp.
FRME,First Merchants Corporation
FRMEP,First Merchants Corporation Depository Shares
FRMI,Fermi Inc.
FRO,Frontline Plc
FROG,JFrog Ltd.
FRPH,FRP Holdings Inc.
FRPT,Freshpet Inc.
FRSH,Freshworks Inc.
FRST,Primis Financial Corp.
FRSX,Foresight Autonomous Holdings Ltd.
FRT,Federal Realty Investment Trust
FRT^C,Federal Realty Investment Trust
FSBC,Five Star Bancorp
FSBW,FS Bancorp Inc.
FSCO,FS Credit Opportunities Corp.
FSEA,First Seacoast Bancorp Inc.
FSHP,Flag Ship Acquisition Corp.
FSHPR,Flag Ship Acquisition Corp. Right
FSI,Flexible Solutions International Inc. (CDA)
FSK,FS KKR Capital Corp.
FSLR,First Solar Inc.
FSLY,Fastly Inc.
FSM,Fortuna Mining Corp.
FSP,Franklin Street Properties Corp.
FSS,Federal Signal Corporation
FSSL,FS Specialty Lending Fund of Beneficial Interest
FSTR,L.B. Foster Company
FSUN,FirstSun Capital Bancorp
FSV,FirstService Corporation
FT,Franklin Universal Trust
FTAI,FTAI Aviation Ltd.
FTAIM,FTAI Aviation Ltd. 9.500% Fixed-Rate Reset Series D Cumulative Perpetual Redeemable Preferred Shares
FTAIN,FTAI Aviation Ltd. 8.25% Fixed - Rate Reset Series C Cumulative Perpetual Redeemable Preferred Shares
FTCI,FTC Solar Inc.
FTDR,Frontdoor Inc.
FTEK,Fuel Tech Inc.
FTEL,Fitell Corporation
FTF,Franklin Limited Duration Income Trust of Beneficial Interest
FTFT,Future FinTech Group Inc.
FTHM,Fathom Holdings Inc.
FTHY,First Trust High Yield Opportunities 2027 Term Fund
FTI,TechnipFMC plc
FTK,Flotek Industries Inc.
FTLF,FitLife Brands Inc.
FTNT,Fortinet Inc.
FTRE,Fortrea Holdings Inc.
FTRK,FAST TRACK GROUP
FTS,Fortis Inc.
FTV,Fortive Corporation
FTW,EQV Ventures Acquisition Corp.
FUBO,FuboTV Inc.
FUFU,BitFuFu Inc.
FUFUW,BitFuFu Inc. Warrant
FUL,H. B. Fuller Company
FULC,Fulcrum Therapeutics Inc.
FULT,Fulton Financial Corporation
FULTP,Fulton Financial Corporation
FUN,Six Flags Entertainment Corporation New
FUNC,First United Corporation
FUND,Sprott Focus Trust Inc.
FURY,Fury Gold Mines Limited
FUSB,First US Bancshares Inc.
FUSE,Fusemachines Inc.
FUSEW,Fusemachines Inc. Warrants
FUTU,Futu Holdings Limited
FVCB,FVCBankcorp Inc.
FVN,Future Vision II Acquisition Corporation
FVNNR,Future Vision II Acquisition Corporation Right
FVR,FrontView REIT Inc.
FVRR,Fiverr International Ltd. no par value
FWDI,Forward Industries Inc.
FWONA,Liberty Media Corporation Series A Liberty Formula One
FWONK,Liberty Media Corporation Series C Liberty Formula One
FWRD,Forward Air Corporation
FWRG,First Watch Restaurant Group Inc.
FXNC,First National Corporation
G,Genpact Limited
GAB,Gabelli Equity Trust Inc. (The)
GAB^G,Gabelli Equity Trust Inc. (The) Series G Cumulative Preferred Stock
GAB^H,Gabelli Equity Trust Inc. (The) Pfd Ser H
GAB^K,Gabelli Equity Trust Inc. (The) 5.00% Series K Cumulative Preferred Stock
GABC,German American Bancorp Inc.
GAIA,Gaia Inc.
GAIN,Gladstone Investment Corporation Business Development Company
GAINI,Gladstone Investment Corporation 7.875% Notes due 2030
GAINN,Gladstone Investment Corporation 5.00% Notes Due 2026
GAINZ,Gladstone Investment Corporation 4.875% Notes due 2028
GALT,Galectin Therapeutics Inc.
GAM,General American Investors Inc.
GAM^B,General American Investors Company Inc. Cumulative Preferred Stock
GAMB,Gambling.com Group Limited
GAME,GameSquare Holdings Inc.
GANX,Gain Therapeutics Inc.
GAP,Gap Inc. (The)
GASS,StealthGas Inc.
GATX,GATX Corporation
GAU,Galiano Gold Inc.
GAUZ,Gauzy Ltd.
GBAB,Guggenheim Taxable Municipal Bond & Investment Grade Debt Trust of Beneficial Interest
GBCI,Glacier Bancorp Inc.
GBDC,Golub Capital BDC Inc.
GBFH,GBank Financial Holdings Inc.
GBLI,Global Indemnity Group LLC
GBR,New Concept Energy Inc
GBTG,Global Business Travel Group Inc.
GBX,Greenbrier Companies Inc. (The)
GCBC,Greene County Bancorp Inc.
GCDT,Green Circle Decarbonize Technology Limited
GCL,GCL Global Holdings Ltd
GCLWW,GCL Global Holdings Ltd Warrants
GCMG,GCM Grosvenor Inc.
GCO,Genesco Inc.
GCT,GigaCloud Technology Inc
GCTK,GlucoTrack Inc.
GCTS,GCT Semiconductor Holding Inc.
GCV,Gabelli Convertible and Income Securities Fund Inc. (The)
GD,General Dynamics Corporation
GDC,GD Culture Group Limited
GDDY,GoDaddy Inc.
GDEN,Golden Entertainment Inc.
GDEV,GDEV Inc.
GDHG,Golden Heaven Group Holdings Ltd.
GDL,GDL Fund The of Beneficial Interest
GDO,Western Asset Global Corporate Opportunity Fund Inc.
GDOT,Green Dot Corporation $0.001 par value
GDRX,GoodRx Holdings Inc.
GDS,GDS Holdings Limited
GDTC,CytoMed Therapeutics Limited
GDV,Gabelli Dividend & Income Trust of Beneficial Interest
GDV^H,The Gabelli Dividend & Income Trust 5.375% Series H Cumulative Preferred Shares
GDV^K,The Gabelli Dividend & Income Trust 4.250% Series K Cumulative Preferred Shares
GDYN,Grid Dynamics Holdings Inc.
GE,GE Aerospace
GECC,Great Elm Capital Corp.
GECCG,Great Elm Capital Corp. 7.75% Notes Due 2030
GECCH,Great Elm Capital Corp. 8.125% Notes Due 2029
GECCI,Great Elm Capital Corp. 8.50% NOTES DUE 2029
GECCO,Great Elm Capital Corp. 5.875% Notes due 2026
GEF,Greif Inc.
GEG,Great Elm Group Inc.
GEGGL,Great Elm Group Inc. 7.25% Notes due 2027
GEHC,GE HealthCare Technologies Inc.
GEL,Genesis Energy L.P. Common
GELS,Gelteq Limited
GEMI,Gemini Space Station Inc.
GEN,Gen Digital Inc.
GENC,Gencor Industries Inc.
GENI,Genius Sports Limited
GENK,GEN Restaurant Group Inc.
GENVR,Gen Digital Inc. Contingent Value
GEO,Geo Group Inc (The) REIT
GEOS,Geospace Technologies Corporation (Texas)
GERN,Geron Corporation
GETY,Getty Images Holdings Inc.
GEV,GE Vernova Inc.
GEVO,Gevo Inc.
GF,New Germany Fund Inc. (The)
GFAI,Guardforce AI Co. Limited
GFAIW,Guardforce AI Co. Limited Warrant
GFF,Griffon Corporation
GFI,Gold Fields Limited
GFL,GFL Environmental Inc. Subordinate voting shares no par value
GFR,Greenfire Resources Ltd.
GFS,GlobalFoundries Inc.
GGAL,Grupo Financiero Galicia S.A.
GGB,Gerdau S.A.
GGG,Graco Inc.
GGN,GAMCO Global Gold Natural Resources & Income Trust
GGN^B,GAMCO Global Gold Natural Reources & Income Trust 5.00% Series B Cumulative 25.00 Liquidation Preference
GGR,Gogoro Inc.
GGT,Gabelli Multi-Media Trust Inc. (The)
GGT^E,Gabelli Multi-Media Trust Inc. (The) 5.125% Series E Cumulative Preferred Stock
GGT^G,Gabelli Multi-Media Trust Inc. (The) 5.125% Series G Cumulative Preferred Shares
GGZ,Gabelli Global Small and Mid Cap Value Trust (The) of Beneficial Interest
GH,Guardant Health Inc.
GHC,Graham Holdings Company
GHG,GreenTree Hospitality Group Ltd.
GHI,Greystone Housing Impact Investors LP Beneficial Unit Certificates representing assignments of limited partnership interests
GHM,Graham Corporation
GHRS,GH Research PLC
GHY,PGIM Global High Yield Fund Inc.
GIB,CGI Inc.
GIBO,GIBO Holdings Limited
GIBOW,GIBO Holdings Limited Warrants
GIC,Global Industrial Company
GIFT,Giftify Inc.
GIG,GigCapital7 Corp.
GIGGW,GigCapital7 Corp. Warrant
GIGM,GigaMedia Limited
GIII,G-III Apparel Group LTD.
GIL,Gildan Activewear Inc. Sub. Vot.
GILD,Gilead Sciences Inc.
GILT,Gilat Satellite Networks Ltd.
GIPR,Generation Income Properties Inc.
GIPRW,Generation Income Properties Inc Warrant
GIS,General Mills Inc.
GITS,Global Interactive Technologies Inc.
GIW,GigCapital8 Corp.
GIWWR,GigCapital8 Corp.
GIXXU,GigCapital9 Corp.
GJH,Synthetic Fixed-Income Securities Inc 6.375% (STRATS) Cl A-1
GJO,Synthetic Fixed-Income Securities Inc. on behalf of STRATS(SM) Trust for Wal-Mart Stores Inc. Securities Series 2004-5
GJP,Synthetic Fixed-Income Securities Inc. on behalf of STRATS (SM) Trust for Dominion Resources Inc. Securities Series 2005-6 Floating Rate Structured Repackaged Asset-Backed Trust Securities (STRATS) Certificates
GJR,Synthetic Fixed-Income Securities Inc. STRATS Trust for Procter&Gamble Securities Series 2006-1
GJS,Goldman Sachs Group Securities STRATS Trust for Goldman Sachs Group Securities Series 2006-2
GJT,Synthetic Fixed-Income Securities Inc. Floating Rate Structured Repackaged Asset-Backed Trust Securities Certificates Series 2006-3
GKOS,Glaukos Corporation
GL,Globe Life Inc.
GL^D,Globe Life Inc. 4.25% Junior Subordinated Debentures due 2061
GLAD,Gladstone Capital Corporation
GLBE,Global-E Online Ltd.
GLBS,Globus Maritime Limited
GLDD,Great Lakes Dredge & Dock Corporation
GLDG,GoldMining Inc.
GLE,Global Engine Group Holding Limited
GLIBA,GCI Liberty Inc. Series A GCI Group
GLIBK,GCI Liberty Inc. Series C GCI Group
GLMD,Galmed Pharmaceuticals Ltd.
GLNG,Golar Lng Ltd
GLO,Clough Global Opportunities Fund
GLOB,Globant S.A.
GLOO,Gloo Holdings Inc.
GLOP^A,GasLog Partners LP 8.625% Series A Cumulative Redeemable Perpetual Fixed to Floating Rate Preference
GLOP^B,GasLog Partners LP 8.200% Series B Cumulative Redeemable Perpetual Fixed to Floating Rate Preference
GLOP^C,GasLog Partners LP 8.500% Series C Cumulative Redeemable Perpetual Fixed to Floating Rate Preference
GLP,Global Partners LP Common representing Limited Partner Interests
GLP^B,Global Partners LP 9.50% Series B Fixed Rate Cumulative Redeemable Perpetual Preferred representing limited partner interests
GLPG,Galapagos NV
GLPI,Gaming and Leisure Properties Inc.
GLQ,Clough Global Equity Fund Clough Global Equity Fund of Beneficial Interest
GLRE,Greenlight Capital Re Ltd.
GLSI,Greenwich LifeSciences Inc.
GLTO,Galecto Inc.
GLU,Gabelli Global Utility of Beneficial Ownership
GLU^A,The Gabelli Global Utility and Income Trust Series A Cumulative Puttable and Callable Preferred Shares
GLU^B,The Gabelli Global Utility and Income Trust Series B Cumulative Puttable and Callable Preferred Shares
GLUE,Monte Rosa Therapeutics Inc.
GLV,Clough Global Dividend and Income Fund of beneficial interest
GLW,Corning Incorporated
GLXG,Galaxy Payroll Group Limited
GLXY,Galaxy Digital Inc.
GM,General Motors Company
GMAB,Genmab A/S
GME,GameStop Corporation
GMED,Globus Medical Inc.
GMGI,Golden Matrix Group Inc.
GMHS,Gamehaus Holdings Inc.
GMM,Global Mofy AI Limited
GMRE,Global Medical REIT Inc.
GMRE^A,Global Medical REIT Inc. Series A Cumulative Redeemable Preferred Stock
GMRE^B,Global Medical REIT Inc. 8.00% Series B Cumulative Redeemable Preferred Stock $0.001 par value per share
GNE,Genie Energy Ltd. Class B Stock
GNK,Genco Shipping & Trading Limited New (Marshall Islands)
GNL,Global Net Lease Inc.
GNL^A,Global Net Lease Inc. 7.25% Series A Cumulative Redeemable Preferred Stock $0.01 par value per share
GNL^B,Global Net Lease Inc. 6.875% Series B Cumulative Redeemable Perpetual Preferred Stock
GNL^D,Global Net Lease Inc. 7.50% Series D Cumulative Redeemable Perpetual Preferred Stock
GNL^E,Global Net Lease Inc. 7.375% Series E Cumulative Redeemable Perpetual Preferred Stock
GNLN,Greenlane Holdings Inc.
GNLX,Genelux Corporation
GNPX,Genprex Inc.
GNRC,Generac Holdlings Inc.
GNS,Genius Group Limited
GNSS,Genasys Inc.
GNT,GAMCO Natural Resources Gold & Income Trust
GNT^A,GAMCO Natural Resources Gold & Income Tust 5.20% Series A Cumulative Preferred Shares (Liquidation Preference $25.00 per share)
GNTA,Genenta Science S.p.A.
GNTX,Gentex Corporation
GNW,Genworth Financial Inc
GO,Grocery Outlet Holding Corp.
GOAI,Eva Live Inc.
GOCO,GoHealth Inc.
GOF,Guggenheim Strategic Opportunities Fund of Beneficial Interest
GOGO,Gogo Inc.
GOLD,Gold.com Inc.
GOLF,Acushnet Holdings Corp.
GOOD,Gladstone Commercial Corporation Real Estate Investment Trust
GOODN,Gladstone Commercial Corporation 6.625% Series E Cumulative Redeemable Preferred Stock
GOODO,Gladstone Commercial Corporation 6.00% Series G Cumulative Redeemable Preferred Stock par value $0.001 per share
GOOG,Alphabet Inc. Class C Capital Stock
GOOGL,Alphabet Inc.
GOOS,Canada Goose Holdings Inc. Subordinate Voting Shares
GORO,Gold Resource Corporation
GOSS,Gossamer Bio Inc.
GOTU,Gaotu Techedu Inc.
GOVX,GeoVax Labs Inc.
GP,GreenPower Motor Company Inc.
GPAC,General Purpose Acquisition Corp.
GPACU,General Purpose Acquisition Corp.
GPACW,General Purpose Acquisition Corp. Warrant
GPAT,GP-Act III Acquisition Corp.
GPATU,GP-Act III Acquisition Corp.
GPATW,GP-Act III Acquisition Corp. Warrants
GPC,Genuine Parts Company
GPCR,Structure Therapeutics Inc.
GPGI,GPGI Inc.
GPI,Group 1 Automotive Inc.
GPJA,Georgia Power Company Series 2017A 5.00% Junior Subordinated Notes due October 1 2077
GPK,Graphic Packaging Holding Company
GPMT,Granite Point Mortgage Trust Inc.
GPMT^A,Granite Point Mortgage Trust Inc. 7.00% Series A Fixed-to-Floating Rate Cumulative Redeemable Preferred Stock
GPN,Global Payments Inc.
GPOR,Gulfport Energy Corporation
GPRE,Green Plains Inc.
GPRK,Geopark Ltd
GPRO,GoPro Inc.
GPUS,Hyperscale Data Inc.
GPUS^D,Hyperscale Data Inc. 13.00% Series D Cumulative Redeemable Perpetual Preferred Stock
GRAB,Grab Holdings Limited
GRABW,Grab Holdings Limited Warrant
GRAF,Graf Global Corp.
GRAL,GRAIL Inc.
GRAN,Grande Group Limited
GRBK,Green Brick Partners Inc.
GRBK^A,Green Brick Partners Inc. (
GRC,Gorman-Rupp Company (The)
GRCE,Grace Therapeutics Inc.
GRDN,Guardian Pharmacy Services Inc.
GRDX,GridAI Technologies Corp.
GREE,Greenidge Generation Holdings Inc.
GREEL,Greenidge Generation Holdings Inc. 8.50% Senior Notes due 2026
GRF,Eagle Capital Growth Fund Inc.
GRFS,Grifols S.A.
GRI,GRI Bio Inc.
GRMN,Garmin Ltd. (Switzerland)
GRND,Grindr Inc.
GRNQ,Greenpro Capital Corp.
GRNT,Granite Ridge Resources Inc.
GRO,Brazil Potash Corp.
GROV,Grove Collaborative Holdings Inc.
GROW,U.S. Global Investors Inc.
GROY,Gold Royalty Corp.
GRPN,Groupon Inc.
GRRR,Gorilla Technology Group Inc.
GRRRW,Gorilla Technology Group Inc. Warrant
GRVY,GRAVITY Co. Ltd. American Depository Shares
GRWG,GrowGeneration Corp.
GRX,The Gabelli Healthcare & Wellness Trust of Beneficial Interest
GS,Goldman Sachs Group Inc. (The)
GS^A,Goldman Sachs Group Inc. (The)
GS^C,Goldman Sachs Group Inc. (The) Depositary Share repstg 1/1000th Preferred Series C
GS^D,Goldman Sachs Group Inc. (The) Dep Shs repstg 1/1000 Pfd Ser D Fltg
GSAT,Globalstar Inc.
GSBC,Great Southern Bancorp Inc.
GSBD,Goldman Sachs BDC Inc.
GSHD,Goosehead Insurance Inc.
GSHR,Gesher Acquisition Corp. II
GSHRW,Gesher Acquisition Corp. II Warrants
GSIT,GSI Technology
GSIW,Garden Stage Limited
GSK,GSK plc (
GSL,Global Ship Lease Inc New
GSL^B,Global Ship Lease Inc. Depository Shares Representing 1/100th Perpetual Preferred Series B% (Marshall Island)
GSM,Ferroglobe PLC
GSRF,GSR IV Acquisition Corp.
GSRFR,GSR IV Acquisition Corp.
GSUN,Golden Sun Technology Group Limited
GT,The Goodyear Tire & Rubber Company
GTBP,GT Biopharma Inc.
GTE,Gran Tierra Energy Inc.
GTEC,Greenland Technologies Holding Corporation
GTEN,Gores Holdings X Inc.
GTENU,Gores Holdings X Inc.
GTENW,Gores Holdings X Inc. Warrants
GTERA,Globa Terra Acquisition Corporation
GTERR,Globa Terra Acquisition Corporation
GTERU,Globa Terra Acquisition Corporation
GTERW,Globa Terra Acquisition Corporation Warrants
GTES,Gates Industrial Corporation plc
GTIM,Good Times Restaurants Inc.
GTLB,GitLab Inc.
GTLS,Chart Industries Inc.
GTM,ZoomInfo Technologies Inc
GTN,Gray Media Inc.
GTX,Garrett Motion Inc.
GTY,Getty Realty Corporation
GUG,Guggenheim Active Allocation Fund of Beneficial Interest
GURE,Gulf Resources Inc. (NV)
GUT,Gabelli Utility Trust (The)
GUT^C,Gabelli Utility Trust (The) 5.375% Series C Cumulative Preferred Shares
GUTS,Fractyl Health Inc.
GV,Visionary Holdings Inc.
GVA,Granite Construction Incorporated
GVH,Globavend Holdings Limited
GWAV,Greenwave Technology Solutions Inc.
GWH,ESS Tech Inc.
GWRE,Guidewire Software Inc.
GWRS,Global Water Resources Inc.
GWW,W.W. Grainger Inc.
GXAI,Gaxos.ai Inc.
GXO,GXO Logistics Inc.
GYRE,Gyre Therapeutics Inc.
GYRO,Gyrodyne LLC
H,Hyatt Hotels Corporation
HACQU,HCM IV Acquisition Corp. Unit
HAE,Haemonetics Corporation
HAFC,Hanmi Financial Corporation
HAFN,Hafnia Limited
HAIN,Hain Celestial Group Inc. (The)
HAL,Halliburton Company
HALO,Halozyme Therapeutics Inc.
HAO,Haoxi Health Technology Limited
HAS,Hasbro Inc.
HASI,HA Sustainable Infrastructure Capital Inc.
HAVA,Harvard Ave Acquisition Corporation
HAVAR,Harvard Ave Acquisition Corporation that convert on a 1/10th of 1 basis to
HAVAU,Harvard Ave Acquisition Corporation Unit
HAYW,Hayward Holdings Inc.
HBAN,Huntington Bancshares Incorporated
HBANL,Huntington Bancshares Incorporated
HBANM,Huntington Bancshares Incorporated
HBANP,Huntington Bancshares Incorporated 4.500% Series H Non-
HBANZ,Huntington Bancshares Incorporated
HBB,Hamilton Beach Brands Holding Company
HBCP,Home Bancorp Inc.
HBIO,Harvard Bioscience Inc.
HBM,Hudbay Minerals Inc. (Canada)
HBNB,Hotel101 Global Holdings Corp.
HBNC,Horizon Bancorp Inc.
HBT,HBT Financial Inc.
HCA,HCA Healthcare Inc.
HCAC,Hall Chadwick Acquisition Corp
HCACR,Hall Chadwick Acquisition Corp
HCACU,Hall Chadwick Acquisition Corp. Unit
HCAI,Huachen AI Parking Management Technology Holding Co. Ltd.
HCAT,Health Catalyst Inc
HCC,Warrior Met Coal Inc.
HCHL,Happy City Holdings Limited
HCI,HCI Group Inc.
HCICU,Hennessy Capital Investment Corp. VIII
HCKT,Hackett Group Inc (The).
HCM,HUTCHMED (China) Limited
HCMA,HCM III Acquisition Corp.
HCMAU,HCM III Acquisition Corp.
HCMAW,HCM III Acquisition Corp. Warrants
HCSG,Healthcare Services Group Inc.
HCTI,Healthcare Triangle Inc.
HCWB,HCW Biologics Inc.
HCWC,Healthy Choice Wellness Corp.
HCXY,Hercules Capital Inc. 6.25% Notes due 2033
HD,Home Depot Inc. (The)
HDB,HDFC Bank Limited
HDL,SUPER HI INTERNATIONAL HOLDING LTD.
HDSN,Hudson Technologies Inc.
HE,Hawaiian Electric Industries Inc.
HEI,Heico Corporation
HEI/A,Heico Corporation
HELE,Helen of Troy Limited
HELP,Cybin Inc.
HEPS,D-Market Electronic Services & Trading
HEQ,John Hancock Diversified Income Fund of Beneficial Interest
HERE,Here Group Limited
HERZ,Herzfeld Credit Income Fund Inc.
HESM,Hess Midstream LP Representing Limited Partner Interests
HFBL,Home Federal Bancorp Inc. of Louisiana
HFFG,HF Foods Group Inc.
HFRO,Highland Opportunities and Income Fund of Beneficial Interest
HFRO^A,Highland Opportunities and Income Fund 5.375% Series A Cumulative Preferred Shares
HFRO^B,Highland Opportunities and Income Fund 5.375% Series B Cumulative Preferred Shares
HFWA,Heritage Financial Corporation
HG,Hamilton Insurance Group Ltd. Class B
HGBL,Heritage Global Inc.
HGLB,Highland Global Allocation Fund
HGTY,Hagerty Inc.
HGV,Hilton Grand Vacations Inc.
HHH,Howard Hughes Holdings Inc.
HHS,Harte Hanks Inc.
HIFS,Hingham Institution for Savings
HIG,The Hartford Insurance Group Inc.
HIG^G,The Hartford Insurance Group Inc.
HIHO,Highway Holdings Limited
HII,Huntington Ingalls Industries Inc.
HIMS,Hims & Hers Health Inc.
HIMX,Himax Technologies Inc.
HIND,Vyome Holdings Inc.
HIO,Western Asset High Income Opportunity Fund Inc.
HIPO,Hippo Holdings Inc.
HIT,Health In Tech Inc.
HITI,High Tide Inc.
HIVE,HIVE Digital Technologies Ltd.
HIW,Highwoods Properties Inc.
HIX,Western Asset High Income Fund II Inc.
HKD,AMTD Digital Inc. (every five of which represent two )
HKIT,Hitek Global Inc.
HKPD,Cellyan Biotechnology Co. Ltd
HL,Hecla Mining Company
HL^B,Hecla Mining Company Preferred Stock
HLF,Herbalife Ltd.
HLI,Houlihan Lokey Inc.
HLIO,Helios Technologies Inc.
HLIT,Harmonic Inc.
HLLY,Holley Inc.
HLMN,Hillman Solutions Corp.
HLN,Haleon plc (
HLNE,Hamilton Lane Incorporated
HLP,Hongli Group Inc.
HLT,Hilton Worldwide Holdings Inc.
HLX,Helix Energy Solutions Group Inc.
HLXC,Helix Acquisition Corp. III
HMC,Honda Motor Company Ltd.
HMN,Horace Mann Educators Corporation
HMR,Heidmar Maritime Holdings Corp.
HMY,Harmony Gold Mining Company Limited
HNGE,Hinge Health Inc.
HNI,HNI Corporation
HNNA,Hennessy Advisors Inc.
HNNAZ,Hennessy Advisors Inc. 4.875% Notes due 2026
HNRG,Hallador Energy Company
HNST,The Honest Company Inc.
HNVR,Hanover Bancorp Inc.
HOFT,Hooker Furnishings Corporation
HOG,Harley-Davidson Inc.
HOLO,MicroCloud Hologram Inc.
HOLOW,MicroCloud Hologram Inc. Warrant
HOLX,Hologic Inc.
HOMB,Home BancShares Inc.
HON,Honeywell International Inc.
HOOD,Robinhood Markets Inc.
HOPE,Hope Bancorp Inc.
HOTH,Hoth Therapeutics Inc.
HOUR,Hour Loop Inc.
HOV,Hovnanian Enterprises Inc.
HOVNP,Hovnanian Enterprises Inc Dep Shr Srs A Pfd
HOVR,New Horizon Aircraft Ltd.
HOVRW,New Horizon Aircraft Ltd. Warrant
HOWL,Werewolf Therapeutics Inc.
HP,Helmerich & Payne Inc.
HPAI,Helport AI Limited
HPE,Hewlett Packard Enterprise Company
HPE^C,Hewlett Packard Enterprise Company 7.625% Series C Mandatory Convertible Preferred Stock
HPF,John Hancock Pfd Income Fund II Pfd Income Fund II
HPI,John Hancock Preferred Income Fund of Beneficial Interest
HPK,HighPeak Energy Inc.
HPP,Hudson Pacific Properties Inc.
HPP^C,Hudson Pacific Properties Inc. 4.750% Series C Cumulative Redeemable Preferred Stock
HPQ,HP Inc.
HPS,John Hancock Preferred Income Fund III Preferred Income Fund III
HQH,abrdn Healthcare Investors Shares of Beneficial Interest
HQI,HireQuest Inc. (DE)
HQL,abrdn Life Sciences Investors Shares of Beneficial Interest
HQY,HealthEquity Inc.
HR,Healthcare Realty Trust Incorporated
HRB,H&R Block Inc.
HRI,Herc Holdings Inc.
HRL,Hormel Foods Corporation
HRMY,Harmony Biosciences Holdings Inc.
HROW,Harrow Inc.
HRTG,Heritage Insurance Holdings Inc.
HRTX,Heron Therapeutics Inc.
HRZN,Horizon Technology Finance Corporation
HSAI,Hesai Group American Depositary Share each represents one Class B
HSBC,HSBC Holdings plc.
HSCS,HeartSciences Inc.
HSCSW,HeartSciences Inc. Warrant
HSDT,Solana Company (DE)
HSHP,Himalaya Shipping Ltd.
HSIC,Henry Schein Inc.
HSPT,Horizon Space Acquisition II Corp.
HSPTR,Horizon Space Acquisition II Corp. Right
HSPTU,Horizon Space Acquisition II Corp.
HST,Host Hotels & Resorts Inc.
HSTM,HealthStream Inc.
HSY,The Hershey Company
HTB,HomeTrust Bancshares Inc.
HTBK,Heritage Commerce Corp
HTCO,High-Trend International Group
HTCR,Heartcore Enterprises Inc.
HTD,John Hancock Tax Advantaged Dividend Income Fund of Beneficial Interest
HTFC,Horizon Technology Finance Corporation 6.25% Notes due 2027
HTFL,Heartflow Inc.
HTGC,Hercules Capital Inc.
HTH,Hilltop Holdings Inc.
HTHT,H World Group Limited
HTLD,Heartland Express Inc.
HTLM,HomesToLife Ltd
HTO,H2O America
HTOO,Fusion Fuel Green PLC
HTT,High Templar Tech Limited
HTZ,Hertz Global Holdings Inc
HTZWW,Hertz Global Holdings Inc Warrant
HUBB,Hubbell Inc
HUBC,Hub Cyber Security Ltd.
HUBCW,Hub Cyber Security Ltd. Warrant 2/27/28
HUBG,Hub Group Inc.
HUBS,HubSpot Inc.
HUDI,Huadi International Group Co. Ltd.
HUHU,HUHUTECH International Group Inc.
HUIZ,Huize Holding Limited
HUM,Humana Inc.
HUMA,Humacyte Inc.
HUMAW,Humacyte Inc. Warrant
HUN,Huntsman Corporation
HURA,TuHURA Biosciences Inc.
HURC,Hurco Companies Inc.
HURN,Huron Consulting Group Inc.
HUT,Hut 8 Corp.
HUYA,HUYA Inc. each representing one
HVII,Hennessy Capital Investment Corp. VII
HVIIR,Hennessy Capital Investment Corp. VII
HVIIU,Hennessy Capital Investment Corp. VII Unit
HVMC,Highview Merger Corp.
HVMCU,Highview Merger Corp.
HVMCW,Highview Merger Corp. Warrants
HVT,Haverty Furniture Companies Inc.
HVT/A,Haverty Furniture Companies Inc.
HWBK,Hawthorn Bancshares Inc.
HWC,Hancock Whitney Corporation
HWCPZ,Hancock Whitney Corporation 6.25% Subordinated Notes due 2060
HWH,HWH International Inc.
HWKN,Hawkins Inc.
HWM,Howmet Aerospace Inc.
HXHX,Haoxin Holdings Limited
HXL,Hexcel Corporation
HY,Hyster-Yale Inc.
HYAC,Haymaker Acquisition Corp. 4
HYFM,Hydrofarm Holdings Group Inc.
HYFT,MindWalk Holdings Corp.
HYI,Western Asset High Yield Opportunity Fund Inc.
HYLN,Hyliion Holdings Corp.
HYMC,Hycroft Mining Holding Corporation
HYNE,Hoyne Bancorp Inc.
HYPD,Hyperion DeFi Inc.
HYPR,Hyperfine Inc.
HYT,Blackrock Corporate High Yield Fund Inc.
HZO,MarineMax Inc. (FL)
IAC,IAC Inc.
IACOU,Idea Acquisition Corp.
IAE,Voya Asia Pacific High Dividend Equity Income Fund ING Asia Pacific High Dividend Equity Income Fund of Beneficial Interest
IAF,abrdn Australia Equity Fund Inc.
IAG,Iamgold Corporation
IART,Integra LifeSciences Holdings Corporation
IAUX,i-80 Gold Corp.
IBAC,IB Acquisition Corp.
IBACR,IB Acquisition Corp. Right
IBCP,Independent Bank Corporation
IBEX,IBEX Limited
IBG,Innovation Beverage Group Limited
IBIO,iBio Inc.
IBKR,Interactive Brokers Group Inc.
IBM,International Business Machines Corporation
IBN,ICICI Bank Limited
IBO,Impact BioMedical Inc.
IBOC,International Bancshares Corporation
IBP,Installed Building Products Inc.
IBRX,ImmunityBio Inc.
IBTA,Ibotta Inc.
ICCC,ImmuCell Corporation
ICCM,IceCure Medical Ltd.
ICE,Intercontinental Exchange Inc.
ICFI,ICF International Inc.
ICG,Intchains Group Limited
ICHR,Ichor Holdings
ICL,ICL Group Ltd.
ICLR,ICON plc
ICMB,Investcorp Credit Management BDC Inc.
ICON,Icon Energy Corp.
ICR^A,InPoint Commercial Real Estate Income Inc. 6.75% Series A Cumulative Redeemable Preferred Stock
ICU,SeaStar Medical Holding Corporation
ICUCW,SeaStar Medical Holding Corporation Warrant
ICUI,ICU Medical Inc.
IDA,IDACORP Inc.
IDAI,T Stamp Inc.
IDCC,InterDigital Inc.
IDE,Voya Infrastructure Industrials and Materials Fund of Beneficial Interest
IDN,Intellicheck Inc.
IDR,Idaho Strategic Resources Inc.
IDT,IDT Corporation Class B
IDXX,IDEXX Laboratories Inc.
IDYA,IDEAYA Biosciences Inc.
IE,Ivanhoe Electric Inc.
IEAGU,Infinite Eagle Acquisition Corp. Unit
IEP,Icahn Enterprises L.P.
IESC,IES Holdings Inc.
IEX,IDEX Corporation
IFBD,Infobird Co. Ltd
IFF,International Flavors & Fragrances Inc.
IFN,India Fund Inc. (The)
IFRX,InflaRx N.V.
IFS,Intercorp Financial Services Inc.
IGA,Voya Global Advantage and Premium Opportunity Fund of Beneficial Interest
IGAC,Invest Green Acquisition Corporation
IGACR,Invest Green Acquisition Corporation
IGACU,Invest Green Acquisition Corporation
IGC,IGC Pharma Inc.
IGD,Voya Global Equity Dividend and Premium Opportunity Fund
IGI,Western Asset Investment Grade Opportunity Trust Inc.
IGIC,International General Insurance Holdings Ltd.
IGR,CBRE Global Real Estate Income Fund of Beneficial Interest
IH,iHuman Inc.
IHD,Voya Emerging Markets High Income Dividend Equity Fund
IHG,Intercontinental Hotels Group (
IHRT,iHeartMedia Inc.
IHS,IHS Holding Limited
IHT,InnSuites Hospitality Trust Shares of Beneficial Interest
IIF,Morgan Stanley India Investment Fund Inc.
III,Information Services Group Inc.
IIIN,Insteel Industries Inc.
IIIV,i3 Verticals Inc.
IIM,Invesco Value Municipal Income Trust
IINN,Inspira Technologies Oxy B.H.N. Ltd.
IINNW,Inspira Technologies Oxy B.H.N. Ltd. Warrant
IIPR,Innovative Industrial Properties Inc.
IIPR^A,Innovative Industrial Properties Inc. 9.00% Series A Cumulative Redeemable Preferred Stock
IKT,Inhibikase Therapeutics Inc.
ILAG,Intelligent Living Application Group Inc.
ILMN,Illumina Inc.
ILPT,Industrial Logistics Properties Trust of Beneficial Interest
IMA,ImageneBio Inc.
IMAX,Imax Corporation
IMCC,IM Cannabis Corp.
IMCR,Immunocore Holdings plc
IMDX,Insight Molecular Diagnostics Inc.
IMG,CIMG Inc.
IMKTA,Ingles Markets Incorporated
IMMP,Immutep Limited
IMMR,Immersion Corporation
IMMX,Immix Biopharma Inc.
IMNM,Immunome Inc.
IMNN,Imunon Inc.
IMO,Imperial Oil Limited
IMOS,ChipMOS TECHNOLOGIES INC.
IMPP,Imperial Petroleum Inc.
IMPPP,Imperial Petroleum Inc. 8.75% Series A Cumulative Redeemable Perpetual Preferred Shares
IMRN,Immuron Limited
IMRX,Immuneering Corporation
IMSR,Terrestrial Energy Inc.
IMSRW,Terrestrial Energy Inc. Warrant
IMTE,Integrated Media Technology Limited
IMTX,Immatics N.V.
IMUX,Immunic Inc.
IMVT,Immunovant Inc.
IMXI,International Money Express Inc.
INAB,IN8bio Inc.
INAC,Indigo Acquisition Corp.
INACR,Indigo Acquisition Corp. Right
INACU,Indigo Acquisition Corp. Unit
INBK,First Internet Bancorp
INBKZ,First Internet Bancorp 6.0% Fixed-to-Floating Rate Subordinated Notes Due 2029
INBS,Intelligent Bio Solutions Inc.
INBX,Inhibrx Biosciences Inc.
INCR,Intercure Ltd.
INCY,Incyte Corp.
INDB,Independent Bank Corp.
INDI,indie Semiconductor Inc.
INDO,Indonesia Energy Corporation Limited
INDP,Indaptus Therapeutics Inc.
INDV,Indivior Pharmaceuticals Inc.
INEO,INNEOVA Holdings Limited
INFU,InfuSystems Holdings Inc.
INFY,Infosys Limited
ING,ING Group N.V.
INGM,Ingram Micro Holding Corporation
INGN,Inogen Inc
INGR,Ingredion Incorporated
INHD,Inno Holdings Inc.
INKT,MiNK Therapeutics Inc.
INLF,INLIF LIMITED
INLX,Intellinetics Inc.
INM,InMed Pharmaceuticals Inc.
INMB,INmune Bio Inc.
INMD,InMode Ltd.
INN,Summit Hotel Properties Inc.
INN^E,Summit Hotel Properties Inc. 6.250% Series E Cumulative Redeemable Preferred Stock
INN^F,Summit Hotel Properties Inc. 5.875% Series F Cumulative Redeemable Preferred Stock $0.01 par value per share
INNV,InnovAge Holding Corp.
INO,Inovio Pharmaceuticals Inc.
INOD,Innodata Inc.
INR,Infinity Natural Resources Inc.
INSE,Inspired Entertainment Inc.
INSG,Inseego Corp.
INSM,Insmed Incorporated
INSP,Inspire Medical Systems Inc.
INSW,International Seaways Inc.
INTA,Intapp Inc.
INTC,Intel Corporation
INTG,Intergroup Corporation (The)
INTJ,Intelligent Group Limited
INTR,Inter & Co. Inc.
INTS,Intensity Therapeutics Inc.
INTT,inTest Corporation
INTU,Intuit Inc.
INTZ,Intrusion Inc.
INUV,Inuvo Inc.
INV,Innventure Inc.
INVA,Innoviva Inc.
INVE,Identiv Inc.
INVH,Invitation Homes Inc.
INVX,Innovex International Inc.
INVZ,Innoviz Technologies Ltd.
INVZW,Innoviz Technologies Ltd. Warrant
IOBT,IO Biotech Inc.
IONQ,IonQ Inc.
IONR,ioneer Ltd
IONS,Ionis Pharmaceuticals Inc.
IOR,Income Opportunity Realty Investors Inc.
IOSP,Innospec Inc.
IOT,Samsara Inc.
IOTR,iOThree Limited
IOVA,Iovance Biotherapeutics Inc.
IP,International Paper Company
IPAR,Interparfums Inc.
IPCX,Inflection Point Acquisition Corp. III
IPCXR,Inflection Point Acquisition Corp. III
IPDN,Professional Diversity Network Inc.
IPEX,Inflection Point Acquisition Corp. V
IPEXR,Inflection Point Acquisition Corp. V
IPGP,IPG Photonics Corporation
IPHA,Innate Pharma S.A.
IPI,Intrepid Potash Inc
IPM,Intelligent Protection Management Corp.
IPOD,Dune Acquisition Corporation II
IPODW,Dune Acquisition Corporation II Warrants
IPSC,Century Therapeutics Inc.
IPST,Heritage Distilling Holding Company Inc.
IPW,iPower Inc.
IPWR,Ideal Power Inc.
IPX,IperionX Limited American Depositary Share
IQ,iQIYI Inc.
IQI,Invesco Quality Municipal Income Trust
IQST,iQSTEL Inc.
IQV,IQVIA Holdings Inc.
IR,Ingersoll Rand Inc.
IRD,Opus Genetics Inc.
IRDM,Iridium Communications Inc
IREN,IREN Limited
IRHO,Iron Horse Acquisitions II Corp.
IRHOR,Iron Horse Acquisitions Corp. II
IRHOU,Iron Horse Acquisitions II Corp.
IRIX,IRIDEX Corporation
IRM,Iron Mountain Incorporated (Delaware) REIT
IRMD,iRadimed Corporation
IRON,Disc Medicine Inc.
IROQ,IF Bancorp Inc.
IRS,IRSA Inversiones Y Representaciones S.A. Global (
IRT,Independence Realty Trust Inc.
IRTC,iRhythm Holdings Inc.
IRWD,Ironwood Pharmaceuticals Inc.
ISBA,Isabella Bank Corporation
ISD,PGIM High Yield Bond Fund Inc.
ISOU,IsoEnergy Ltd.
ISPC,iSpecimen Inc.
ISPR,Ispire Technology Inc.
ISRG,Intuitive Surgical Inc.
ISSC,Innovative Solutions and Support Inc.
ISTR,Investar Holding Corporation
IT,Gartner Inc.
ITGR,Integer Holdings Corporation
ITHA,ITHAX Acquisition Corp III
ITHAU,ITHAX Acquisition Corp III
ITHAW,ITHAX Acquisition Corp III Warrants
ITIC,Investors Title Company
ITOC,iTonic Holdings Ltd
ITP,IT Tech Packaging Inc.
ITRG,Integra Resources Corp.
ITRI,Itron Inc.
ITRM,Iterum Therapeutics plc
ITRN,Ituran Location and Control Ltd.
ITT,ITT Inc.
ITUB,Itau Unibanco Banco Holding SA (Each repstg 500 Preferred shares)
ITW,Illinois Tool Works Inc.
IVA,Inventiva S.A. American Depository Shares
IVDA,Iveda Solutions Inc.
IVDAW,Iveda Solutions Inc. Warrant
IVF,INVO Fertility Inc.
IVR,INVESCO MORTGAGE CAPITAL INC
IVR^C,INVESCO MORTGAGE CAPITAL INC 7.5% Fixed-to-Floating Series C Cumulative Redeemable Preferred Stock Liquation Preference $25.00 per Share
IVT,InvenTrust Properties Corp.
IVVD,Invivyd Inc.
IVZ,Invesco Ltd
IX,ORIX Corporation
IXHL,Incannex Healthcare Inc.
IZEA,IZEA Worldwide Inc.
IZM,ICZOOM Group Inc.
J,Jacobs Solutions Inc.
JACK,Jack In The Box Inc.
JACS,Jackson Acquisition Company II
JAGU,Jaguar Uranium Corp.
JAGX,Jaguar Health Inc.
JAKK,JAKKS Pacific Inc.
JANX,Janux Therapeutics Inc.
JAZZ,Jazz Pharmaceuticals plc (Ireland)
JBDI,JBDI Holdings Limited
JBGS,JBG SMITH Properties
JBHT,J.B. Hunt Transport Services Inc.
JBI,Janus International Group Inc.
JBIO,Jade Biosciences Inc.
JBK,Lehman ABS 3.50 3.50% Adjustable Corp Backed Tr Certs GS Cap I
JBL,Jabil Inc.
JBLU,JetBlue Airways Corporation
JBS,JBS N.V.
JBSS,John B. Sanfilippo & Son Inc.
JBTM,JBT Marel Corporation
JCAP,Jefferson Capital Inc.
JCE,Nuveen Core Equity Alpha Fund of Beneficial Interest
JCI,Johnson Controls International plc
JCSE,JE Cleantech Holdings Limited
JCTC,Jewett-Cameron Trading Company
JD,JD.com Inc.
JDZG,JIADE LIMITED
JEF,Jefferies Financial Group Inc.
JELD,JELD-WEN Holding Inc.
JEM,707 Cayman Holdings Limited
JENA,Jena Acquisition Corporation II
JF,J and Friends Holdings Limited
JFB,JFB Construction Holdings
JFBR,Jeffs' Brands Ltd
JFBRW,Jeffs' Brands Ltd Warrant
JFIN,Jiayin Group Inc.
JFR,Nuveen Floating Rate Income Fund
JFU,9F Inc.
JG,Aurora Mobile Limited
JGH,Nuveen Global High Income Fund of Beneficial Interest
JHG,Janus Henderson Group plc
JHI,John Hancock Investors Trust
JHS,John Hancock Income Securities Trust
JHX,James Hardie Industries plc.
JILL,J. Jill Inc.
JJSF,J & J Snack Foods Corp.
JKHY,Jack Henry & Associates Inc.
JKS,JinkoSolar Holding Company Limited (
JL,J-Long Group Limited
JLHL,Julong Holding Limited
JLL,Jones Lang LaSalle Incorporated
JLS,Nuveen Mortgage and Income Fund
JMIA,Jumia Technologies AG
JMM,Nuveen Multi-Market Income Fund (MA)
JMSB,John Marshall Bancorp Inc.
JNJ,Johnson & Johnson
JOB,GEE Group Inc.
JOBY,Joby Aviation Inc.
JOE,St. Joe Company (The)
JOF,Japan Smaller Capitalization Fund Inc
JOUT,Johnson Outdoors Inc.
JOYY,JOYY Inc.
JPC,Nuveen Preferred & Income Opportunities Fund
JPM,JP Morgan Chase & Co.
JPM^C,J P Morgan Chase & Co
JPM^D,J P Morgan Chase & Co
JPM^J,J P Morgan Chase & Co
JPM^K,J P Morgan Chase & Co
JPM^L,J P Morgan Chase & Co
JPM^M,J P Morgan Chase & Co
JQC,Nuveen Credit Strategies Income Fund Shares of Beneficial Interest
JRI,Nuveen Real Asset Income and Growth Fund of Beneficial Interest
JRS,Nuveen Real Estate Income Fund of Beneficial Interest
JRSH,Jerash Holdings (US) Inc.
JRVR,James River Group Holdings Inc.
JSM,Navient Corporation 6% Senior Notes due December 15 2043
JSPR,Jasper Therapeutics Inc.
JSPRW,Japer Therapeutics Inc. Warrants
JTAI,Jet.AI Inc.
JUNS,Jupiter Neurosciences Inc.
JVA,Coffee Holding Co. Inc.
JWEL,Jowell Global Ltd.
JXG,JX Luxventure Group Inc.
JXN,Jackson Financial Inc.
JXN^A,Jackson Financial Inc.
JYD,Jayud Global Logistics Limited
JYNT,The Joint Corp.
JZ,Jianzhi Education Technology Group Company Limited American Depositary Shs
JZXN,Jiuzi Holdings Inc.
KAI,Kadant Inc
KALA,KALA BIO Inc.
KALU,Kaiser Aluminum Corporation
KALV,KalVista Pharmaceuticals Inc.
KAPA,Kairos Pharma Ltd.
KARO,Karooooo Ltd.
KB,KB Financial Group Inc
KBDC,Kayne Anderson BDC Inc.
KBH,KB Home
KBON,Karbon Capital Partners Corp.
KBONU,Karbon Capital Partners Corp.
KBONW,Karbon Capital Partners Corp. Warrant
KBR,KBR Inc.
KBSX,FST Corp.
KC,Kingsoft Cloud Holdings Limited
KCHV,Kochav Defense Acquisition Corp.
KCHVR,Kochav Defense Acquisition Corp. Right
KCHVU,Kochav Defense Acquisition Corp.
KD,Kyndryl Holdings Inc.
KDK,Kodiak AI Inc.
KDKRW,Kodiak AI Inc. Warrants
KDP,Keurig Dr Pepper Inc.
KE,Kimball Electronics Inc.
KELYA,Kelly Services Inc.
KELYB,Kelly Services Inc. Class B
KEN,Kenon Holdings Ltd.
KEP,Korea Electric Power Corporation
KEQU,Kewaunee Scientific Corporation
KEX,Kirby Corporation
KEY,KeyCorp
KEY^I,KeyCorp
KEY^J,KeyCorp
KEY^K,KeyCorp
KEY^L,KeyCorp
KEYS,Keysight Technologies Inc.
KF,Korea Fund Inc. (The) New
KFFB,Kentucky First Federal Bancorp
KFII,K&F Growth Acquisition Corp. II
KFIIR,K&F Growth Acquisition Corp. II
KFIIU,K&F Growth Acquisition Corp. II Unit
KFRC,Kforce Inc.
KFS,Kingsway Financial Services Inc. (DE)
KFY,Korn Ferry
KG,Kestrel Group Ltd.
KGC,Kinross Gold Corporation
KGEI,Kolibri Global Energy Inc.
KGS,Kodiak Gas Services Inc.
KHC,The Kraft Heinz Company
KIDS,OrthoPediatrics Corp.
KIDZ,Classover Holdings Inc. Class B
KIDZW,Classover Holdings Inc. Warrants
KIM,Kimco Realty Corporation (HC)
KIM^L,Kimco Realty Corporation Class L each of which represents a one-one thousandth fractional interest in a share of 5.125% Class L Cumulative Redeemable Preferred Stock liquidation preference $25000.00 per share
KIM^M,Kimco Realty Corporation Class M each of which represents a one-one thousandth fractional interest in a share of 5.25% Class M Cumulative Redeemable Preferred Stock liquidation preference $25000.00 per share
KIM^N,Kimco Realty Corporation
KINS,Kingstone Companies Inc.
KIO,KKR Income Opportunities Fund
KITT,Nauticus Robotics Inc.
KITTW,Nauticus Robotics Inc. Warrant
KKR,KKR & Co. Inc.
KKR^D,KKR & Co. Inc. 6.25% Series D Mandatory Convertible Preferred Stock
KKRS,KKR Group Finance Co. IX LLC 4.625% Subordinated Notes due 2061
KKRT,KKR & Co. Inc. 6.875% Subordinated Notes due 2065
KLAC,KLA Corporation
KLAR,Klarna Group plc
KLC,KinderCare Learning Companies Inc.
KLIC,Kulicke and Soffa Industries Inc.
KLRS,Kalaris Therapeutics Inc.
KLTO,Klotho Neurosciences Inc.
KLTOW,Klotho Neurosciences Inc. Warrant
KLTR,Kaltura Inc.
KLXE,KLX Energy Services Holdings Inc.
KMB,Kimberly-Clark Corporation
KMDA,Kamada Ltd.
KMI,Kinder Morgan Inc.
KMPB,Kemper Corporation 5.875% Fixed-Rate Reset Junior Subordinated Debentures due 2062
KMPR,Kemper Corporation
KMRK,K-Tech Solutions Company Limited
KMT,Kennametal Inc.
KMTS,Kestra Medical Technologies Ltd.
KMX,CarMax Inc
KN,Knowles Corporation
KNDI,Kandi Technologies Group Inc.
KNF,Knife Riv Holding Co.
KNOP,KNOT Offshore Partners LP Common representing Limited Partner Interests
KNRX,KNOREX LTD.
KNSA,Kiniksa Pharmaceuticals International plc
KNSL,Kinsale Capital Group Inc.
KNTK,Kinetik Holdings Inc.
KNX,Knight-Swift Transportation Holdings Inc.
KO,Coca-Cola Company (The)
KOD,Kodiak Sciences Inc
KODK,Eastman Kodak Company Common New
KOF,Coca Cola Femsa S.A.B. de C.V.
KOP,Koppers Holdings Inc.
KOPN,Kopin Corporation
KORE,KORE Group Holdings Inc.
KOS,Kosmos Energy Ltd. (DE)
KOSS,Koss Corporation
KOYN,CSLM Digital Asset Acquisition Corp III
KOYNU,CSLM Digital Asset Acquisition Corp III
KOYNW,CSLM Digital Asset Acquisition Corp III Warrants
KPLT,Katapult Holdings Inc.
KPLTW,Katapult Holdings Inc. Warrant
KPRX,Kiora Pharmaceuticals Inc.
KPTI,Karyopharm Therapeutics Inc.
KR,Kroger Company (The)
KRAQU,KRAKacquisition Corp Unit
KRC,Kilroy Realty Corporation
KREF,KKR Real Estate Finance Trust Inc.
KREF^A,KKR Real Estate Finance Trust Inc. 6.50% Series A Cumulative Redeemable Preferred Stock
KRG,Kite Realty Group Trust
KRKR,36Kr Holdings Inc.
KRMD,KORU Medical Systems Inc. (DE)
KRMN,Karman Holdings Inc.
KRNT,Kornit Digital Ltd.
KRNY,Kearny Financial Corp
KRO,Kronos Worldwide Inc
KROS,Keros Therapeutics Inc.
KRP,Kimbell Royalty Partners Common Representing Limited Partner Interests
KRRO,Korro Bio Inc.
KRSP,Rice Acquisition Corporation 3
KRT,Karat Packaging Inc.
KRUS,Kura Sushi USA Inc.
KRYS,Krystal Biotech Inc.
KSCP,Knightscope Inc.
KSPI,Joint Stock Company Kaspi.kz American Depository Shares
KSS,Kohl's Corporation
KT,KT Corporation
KTB,Kontoor Brands Inc.
KTCC,Key Tronic Corporation
KTF,DWS Municipal Income Trust
KTH,Structures Products Cp 8% CorTS Issued by Peco Energy Cap Tr II Preferred Stock
KTN,Structured Products Corp 8.205% CorTS 8.205% Corporate Backed Trust Securities (CorTS)
KTOS,Kratos Defense & Security Solutions Inc.
KTTA,Pasithea Therapeutics Corp.
KTTAW,Pasithea Therapeutics Corp. Warrant
KTWOU,K2 Capital Acquisition Corporation
KULR,KULR Technology Group Inc.
KURA,Kura Oncology Inc.
KUST,Kustom Entertainment Inc.
KVAC,Keen Vision Acquisition Corporation
KVACU,Keen Vision Acquisition Corporation
KVACW,Keen Vision Acquisition Corporation Warrant
KVHI,KVH Industries Inc.
KVUE,Kenvue Inc.
KVYO,Klaviyo Inc. Series A
KW,Kennedy-Wilson Holdings Inc.
KWM,K Wave Media Ltd.
KWMWW,K Wave Media Ltd. Warrant
KWR,Quaker Houghton
KXIN,Kaixin Holdings
KYIV,Kyivstar Group Ltd.
KYIVW,Kyivstar Group Ltd. Warrant
KYMR,Kymera Therapeutics Inc.
KYN,Kayne Anderson Energy Infrastructure Fund Inc.
KYNB,Kyntra Bio Inc.
KYTX,Kyverna Therapeutics Inc.
KZIA,Kazia Therapeutics Limited
KZR,Kezar Life Sciences Inc.
L,Loews Corporation
LAB,Standard BioTools Inc.
LAC,Lithium Americas Corp.
LAD,Lithia Motors Inc.
LADR,Ladder Capital Corp
LAES,SEALSQ Corp
LAFA,LaFayette Acquisition Corp.
LAFAR,LaFayette Acquisition Corp.
LAFAU,LaFayette Acquisition Corp. Unit
LAKE,Lakeland Industries Inc.
LAMR,Lamar Advertising Company
LAND,Gladstone Land Corporation
LANDO,Gladstone Land Corporation 6.00% Series B Cumulative Redeemable Preferred Stock
LANDP,Gladstone Land Corporation 6.00% Series C Cumulative Redeemable Preferred Stock
LANV,Lanvin Group Holdings Limited
LAR,Lithium Argentina AG
LARK,Landmark Bancorp Inc.
LASE,Laser Photonics Corporation
LASR,nLIGHT Inc.
LATA,Galata Acquisition Corp. II
LATAU,Galata Acquisition Corp. II
LATAW,Galata Acquisition Corp. II Warrant
LAUR,Laureate Education Inc.
LAW,CS Disco Inc.
LAZ,Lazard Inc.
LB,LandBridge Company LLC Shares Representing Limited Liability Company Interests
LBGJ,Li Bang International Corporation Inc.
LBRDA,Liberty Broadband Corporation
LBRDK,Liberty Broadband Corporation Class C
LBRDP,Liberty Broadband Corporation Series A Cumulative Redeemable Preferred Stock
LBRT,Liberty Energy Inc.
LBRX,LB Pharmaceuticals Inc
LBTYA,Liberty Global Ltd.
LBTYB,Liberty Global Ltd. Class B
LBTYK,Liberty Global Ltd. Class C
LC,LendingClub Corporation
LCCC,Lakeshore Acquisition III Corp.
LCCCR,Lakeshore Acquisition III Corp.
LCFY,Locafy Limited
LCID,Lucid Group Inc.
LCII,LCI Industries
LCNB,LCNB Corporation
LCTX,Lineage Cell Therapeutics Inc.
LCUT,Lifetime Brands Inc.
LDI,loanDepot Inc.
LDOS,Leidos Holdings Inc.
LDP,Cohen & Steers Limited Duration Preferred and Income Fund Inc.
LE,Lands' End Inc.
LEA,Lear Corporation
LECO,Lincoln Electric Holdings Inc.
LEDS,SemiLEDS Corporation
LEE,Lee Enterprises Incorporated
LEG,Leggett & Platt Incorporated
LEGH,Legacy Housing Corporation (TX)
LEGN,Legend Biotech Corporation
LEGT,Legato Merger Corp. III
LEN,Lennar Corporation
LENZ,LENZ Therapeutics Inc.
LEO,BNY Mellon Strategic Municipals Inc.
LESL,Leslie's Inc.
LEU,Centrus Energy Corp.
LEVI,Levi Strauss & Co
LEXX,Lexaria Bioscience Corp.
LFAC,Leapfrog Acquisition Corporation
LFACU,Leapfrog Acquisition Corporation
LFACW,Leapfrog Acquisition Corporation Warrants
LFCR,Lifecore Biomedical Inc.
LFMD,LifeMD Inc.
LFMDP,LifeMD Inc. 8.875% Series A
LFS,LEIFRAS Co. Ltd.
LFST,LifeStance Health Group Inc.
LFT,Lument Finance Trust Inc.
LFT^A,Lument Finance Trust Inc. 7.875% Series A Cumulative Redeemable Preferred Stock
LFUS,Littelfuse Inc.
LFVN,Lifevantage Corporation (Delaware)
LFWD,Lifeward Ltd.
LGCB,Linkage Global Inc.
LGCL,Lucas GC Limited
LGCY,Legacy Education Inc.
LGHL,Lion Group Holding Ltd. American Depositary Share
LGI,Lazard Global Total Return and Income Fund
LGIH,LGI Homes Inc.
LGL,LGL Group Inc. (The)
LGN,Legence Corp.
LGND,Ligand Pharmaceuticals Incorporated
LGO,Largo Inc.
LGPS,LogProstyle Inc.
LGVN,Longeveron Inc.
LH,Labcorp Holdings Inc.
LHAI,Linkhome Holdings Inc.
LHSW,Lianhe Sowell International Group Ltd
LHX,L3Harris Technologies Inc.
LI,Li Auto Inc.
LICN,Lichen International Limited
LIDR,AEye Inc.
LIDRW,AEye Inc. Warrant
LIEN,Chicago Atlantic BDC Inc.
LIF,Life360 Inc.
LIFE,Ethos Technologies Inc.
LII,Lennox International Inc.
LILA,Liberty Latin America Ltd.
LILAK,Liberty Latin America Ltd. Class C
LIMN,Liminatus Pharma Inc.
LIMNW,Liminatus Pharma Inc. Warrants
LIN,Linde plc
LINC,Lincoln Educational Services Corporation
LIND,Lindblad Expeditions Holdings Inc.
LINE,Lineage Inc.
LINK,Interlink Electronics Inc.
LION,Lionsgate Studios Corp
LIQT,LiqTech International Inc.
LITB,LightInTheBox Holding Co. Ltd.
LITE,Lumentum Holdings Inc.
LITM,Snow Lake Resources Ltd.
LITS,Lite Strategy Inc.
LIVE,Live Ventures Incorporated
LIVN,LivaNova PLC
LIXT,Lixte Biotechnology Holdings Inc.
LKFN,Lakeland Financial Corporation
LKQ,LKQ Corporation
LKSP,Lake Superior Acquisition Corp.
LKSPR,Lake Superior Acquisition Corp.
LKSPU,Lake Superior Acquisition Corp.
LLY,Eli Lilly and Company
LLYVA,Liberty Live Holdings Inc. Series A Liberty Live Group
LLYVK,Liberty Live Holdings Inc. Series C Liberty Live Group
LMAT,LeMaitre Vascular Inc.
LMB,Limbach Holdings Inc.
LMFA,LM Funding America Inc.
LMND,Lemonade Inc.
LMNR,Limoneira Co
LMRI,Lumexa Imaging Holdings Inc.
LMT,Lockheed Martin Corporation
LNAI,Lunai Bioworks Inc.
LNC,Lincoln National Corporation
LNC^D,Lincoln National Corporation
LND,Brasilagro Brazilian Agric Real Estate Co Sponsored ADR (Brazil)
LNG,Cheniere Energy Inc.
LNKB,LINKBANCORP Inc.
LNKS,Linkers Industries Limited
LNN,Lindsay Corporation
LNSR,LENSAR Inc.
LNT,Alliant Energy Corporation
LNTH,Lantheus Holdings Inc.
LNZA,LanzaTech Global Inc.
LNZAW,LanzaTech Global Inc. Warrant
LOAN,Manhattan Bridge Capital Inc
LOAR,Loar Holdings Inc.
LOB,Live Oak Bancshares Inc.
LOB^A,Live Oak Bancshares Inc.
LOBO,LOBO TECHNOLOGIES LTD.
LOCL,Local Bounti Corporation
LOCO,El Pollo Loco Holdings Inc.
LODE,Comstock Inc.
LOGI,Logitech International S.A.
LOKV,Live Oak Acquisition Corp. V
LOKVW,Live Oak Acquisition Corp. V Warrants
LOMA,Loma Negra Compania Industrial Argentina Sociedad Anonima
LONA,LeonaBio Inc.
LOOP,Loop Industries Inc.
LOPE,Grand Canyon Education Inc.
LOT,Lotus Technology Inc.
LOTWW,Lotus Technology Inc. Warrants
LOVE,The Lovesac Company
LOW,Lowe's Companies Inc.
LPA,Logistic Properties of the Americas
LPAA,Launch One Acquisition Corp.
LPAAW,Launch One Acquisition Corp. Warrant
LPBB,Launch Two Acquisition Corp.
LPBBW,Launch Two Acquisition Corp. Warrant
LPCN,Lipocine Inc.
LPCV,Launchpad Cadenza Acquisition Corp I
LPCVU,Launchpad Cadenza Acquisition Corp I Unit
LPCVW,Launchpad Cadenza Acquisition Corp I Warrant
LPG,Dorian LPG Ltd.
LPL,LG Display Co Ltd AMERICAN DEPOSITORY SHARES
LPLA,LPL Financial Holdings Inc.
LPRO,Open Lending Corporation
LPSN,LivePerson Inc.
LPTH,LightPath Technologies Inc.
LPX,Louisiana-Pacific Corporation
LQDA,Liquidia Corporation
LQDT,Liquidity Services Inc.
LRCX,Lam Research Corporation
LRE,Lead Real Estate Co. Ltd
LRHC,La Rosa Holdings Corp.
LRMR,Larimar Therapeutics Inc.
LRN,Stride Inc.
LSAK,Lesaka Technologies Inc.
LSBK,Lake Shore Bancorp Inc.
LSCC,Lattice Semiconductor Corporation
LSE,Leishen Energy Holding Co. Ltd.
LSF,Laird Superfood Inc.
LSH,Lakeside Holding Limited
LSPD,Lightspeed Commerce Inc. Subordinate Voting Shares
LSTA,Lisata Therapeutics Inc.
LSTR,Landstar System Inc.
LTBR,Lightbridge Corporation
LTC,LTC Properties Inc.
LTH,Life Time Group Holdings Inc.
LTM,LATAM Airlines Group S.A. (
LTRN,Lantern Pharma Inc.
LTRX,Lantronix Inc.
LTRYW,Sports Entertainment Gaming Global Corporation Warrants
LU,Lufax Holding Ltd
LUCD,Lucid Diagnostics Inc.
LUCK,Lucky Strike Entertainment Corporation
LUCY,Innovative Eyewear Inc.
LUCYW,Innovative Eyewear Inc. Series A Warrants 8/16/27
LUD,Luda Technology Group Limited
LULU,lululemon athletica inc.
LUMN,Lumen Technologies Inc.
LUNG,Pulmonx Corporation
LUNR,Intuitive Machines Inc.
LUV,Southwest Airlines Company
LUXE,LuxExperience B.V.
LVLU,Lulu's Fashion Lounge Holdings Inc.
LVO,LiveOne Inc.
LVRO,Lavoro Limited
LVROW,Lavoro Limited Warrant
LVS,Las Vegas Sands Corp.
LVWR,LiveWire Group Inc.
LW,Lamb Weston Holdings Inc.
LWAC,LightWave Acquisition Corp.
LWACU,LightWave Acquisition Corp.
LWACW,LightWave Acquisition Corp. Warrants
LWAY,Lifeway Foods Inc.
LWLG,Lightwave Logic Inc.
LX,LexinFintech Holdings Ltd.
LXEH,Lixiang Education Holding Co. Ltd.
LXEO,Lexeo Therapeutics Inc.
LXFR,Luxfer Holdings PLC
LXP,LXP Industrial Trust (Maryland REIT)
LXP^C,LXP Industrial Trust 6.5% Series C Cumulative Convertible Preferred Stock
LXRX,Lexicon Pharmaceuticals Inc.
LXU,LSB Industries Inc.
LYB,LyondellBasell Industries NV (Netherlands)
LYEL,Lyell Immunopharma Inc.
LYFT,Lyft Inc.
LYG,Lloyds Banking Group Plc
LYRA,Lyra Therapeutics Inc.
LYTS,LSI Industries Inc.
LYV,Live Nation Entertainment Inc.
LZ,LegalZoom.com Inc.
LZB,La-Z-Boy Incorporated
LZM,Lifezone Metals Limited
LZMH,LZ Technology Holdings Limited Class B
M,Macy's Inc
MA,Mastercard Incorporated
MAA,Mid-America Apartment Communities Inc.
MAA^I,Mid-America Apartment Communities Inc. 8.50% Series I Cumulative Redeemable Preferred Stock
MAAS,Maase Inc.
MAC,Macerich Company (The)
MACI,Melar Acquisition Corp. I
MACIU,Melar Acquisition Corp. I Unit
MACIW,Melar Acquisition Corp. I Warrant
MAGN,Magnera Corporation
MAIA,MAIA Biotechnology Inc.
MAIN,Main Street Capital Corporation
MAMA,Mama's Creations Inc.
MAMO,Massimo Group
MAN,ManpowerGroup
MANE,Veradermics Incorporated
MANH,Manhattan Associates Inc.
MANU,Manchester United Ltd.
MAPS,WM Technology Inc.
MAPSW,WM Technology Inc. Warrants
MAR,Marriott International
MARA,MARA Holdings Inc.
MARPS,Marine Petroleum Trust of Beneficial Interest
MAS,Masco Corporation
MASI,Masimo Corporation
MASK,3 E Network Technology Group Ltd
MASS,908 Devices Inc.
MAT,Mattel Inc.
MATH,Metalpha Technology Holding Limited
MATV,Mativ Holdings Inc.
MATW,Matthews International Corporation
MATX,Matson Inc.
MAX,MediaAlpha Inc.
MAXN,Maxeon Solar Technologies Ltd.
MAYS,J. W. Mays Inc.
MAZE,Maze Therapeutics Inc.
MB,MasterBeef Group
MBAI,Check-Cap Ltd.
MBAV,M3-Brigade Acquisition V Corp.
MBAVW,M3-Brigade Acquisition V Corp. Warrant
MBBC,Marathon Bancorp Inc.
MBC,MasterBrand Inc.
MBCN,Middlefield Banc Corp.
MBI,MBIA Inc.
MBIN,Merchants Bancorp
MBINL,Merchants Bancorp
MBINM,Merchants Bancorp
MBINN,Merchants Bancorp Preferred Series C
MBIO,Mustang Bio Inc.
MBLY,Mobileye Global Inc.
MBNKO,Medallion Bank Fixed-Rate Reset Non- Series G par value $1.00 per share
MBOT,Microbot Medical Inc.
MBRX,Moleculin Biotech Inc.
MBUU,Malibu Boats Inc.
MBVI,M3-Brigade Acquisition VI Corp.
MBVIU,M3-Brigade Acquisition VI Corp.
MBVIW,M3-Brigade Acquisition VI Corp. Warrant
MBWM,Mercantile Bank Corporation
MBX,MBX Biosciences Inc.
MC,Moelis & Company
MCB,Metropolitan Bank Holding Corp.
MCBS,MetroCity Bankshares Inc.
MCD,McDonald's Corporation
MCFT,MasterCraft Boat Holdings Inc.
MCGA,Yorkville Acquisition Corp.
MCGAU,Yorkville Acquisition Corp. Unit
MCGAW,Yorkville Acquisition Corp. Warrant
MCHB,Mechanics Bancorp
MCHP,Microchip Technology Incorporated
MCHPP,Microchip Technology Incorporated
MCHX,Marchex Inc. Class B
MCI,Barings Corporate Investors
MCK,McKesson Corporation
MCN,XAI Madison Equity Premium Income Fund
MCO,Moody's Corporation
MCR,MFS Charter Income Trust
MCRB,Seres Therapeutics Inc.
MCRI,Monarch Casino & Resort Inc.
MCRP,Micropolis AI Robotics
MCS,Marcus Corporation (The)
MCW,Mister Car Wash Inc.
MCY,Mercury General Corporation
MD,Pediatrix Medical Group Inc.
MDAI,Spectral AI Inc.
MDAIW,Spectral AI Inc. Warrants
MDB,MongoDB Inc.
MDBH,MDB Capital Holdings LLC common
MDCX,Medicus Pharma Ltd.
MDCXW,Medicus Pharma Ltd. Warrant
MDGL,Madrigal Pharmaceuticals Inc.
MDIA,Mediaco Holding Inc.
MDLN,Medline Inc.
MDLZ,Mondelez International Inc.
MDRR,Medalist Diversified REIT Inc.
MDT,Medtronic plc.
MDU,MDU Resources Group Inc. (Holding Company)
MDV,Modiv Industrial Inc. Class C
MDV^A,Modiv Industrial Inc. 7.375% Series A Cumulative Redeemable Perpetual Preferred Stock
MDWD,MediWound Ltd.
MDXG,MiMedx Group Inc
MDXH,MDxHealth SA
MEC,Mayville Engineering Company Inc.
MED,MEDIFAST INC
MEDP,Medpace Holdings Inc.
MEG,Montrose Environmental Group Inc.
MEGI,NYLI CBRE Global Infrastructure Megatrends Term Fund
MEGL,Magic Empire Global Limited
MEHA,Functional Brands Inc.
MEI,Methode Electronics Inc.
MELI,MercadoLibre Inc.
MENS,Jyong Biotech Ltd.
MEOH,Methanex Corporation
MER^K,Bank of America Corporation Income Capital Obligation Notes initially due December 15 2066
MERC,Mercer International Inc.
MESH,Meshflow Acquisition Corp.
MESHU,Meshflow Acquisition Corp.
MESHW,Meshflow Acquisition Corp. Warrants
MESO,Mesoblast Limited
MET,MetLife Inc.
MET^A,MetLife Inc. Preferred Series A Floating Rate
MET^E,MetLife Inc.
MET^F,MetLife Inc.
META,Meta Platforms Inc.
METC,Ramaco Resources Inc.
METCB,Ramaco Resources Inc. Class B
METCI,Ramaco Resources Inc. 8.250% Senior Notes due 2030
METCZ,Ramaco Resources Inc. 8.375% Senior Notes due 2029
MEVOU,M Evo Global Acquisition Corp II
MFA,MFA Financial Inc.
MFA^B,MFA Financial Inc. Preferred Series B
MFA^C,MFA Financial Inc. 6.50% Series C Fixed-to-Floating Rate Cumulative Redeemable Preferred Stock
MFAN,MFA Financial Inc. 8.875% Senior Notes due 2029
MFAO,MFA Financial Inc. 9.000% Senior Notes due 2029
MFC,Manulife Financial Corporation
MFG,Mizuho Financial Group Inc. Sponosred ADR (Japan)
MFI,mF International Limited
MFIC,MidCap Financial Investment Corporation
MFICL,MidCap Financial Investment Corporation 8.00% Notes due 2028
MFIN,Medallion Financial Corp.
MFM,MFS Municipal Income Trust
MG,Mistras Group Inc
MGA,Magna International Inc.
MGEE,MGE Energy Inc
MGF,MFS Government Markets Income Trust
MGIC,Magic Software Enterprises Ltd.
MGIH,Millennium Group International Holdings Limited
MGLD,The Marygold Companies Inc.
MGM,MGM Resorts International
MGN,Megan Holdings Limited
MGNI,Magnite Inc.
MGNX,MacroGenics Inc.
MGPI,MGP Ingredients Inc.
MGR,Affiliated Managers Group Inc. 5.875% Junior Subordinated Notes due 2059
MGRB,Affiliated Managers Group Inc. 4.750% Junior Subordinated Notes due 2060
MGRC,McGrath RentCorp
MGRD,Affiliated Managers Group Inc. 4.200% Junior Subordinated Notes due 2061
MGRE,Affiliated Managers Group Inc. 6.750% Junior Subordinated Notes due 2064
MGRT,Mega Fortune Company Limited
MGRX,Mangoceuticals Inc.
MGTX,MeiraGTx Holdings plc
MGX,Metagenomi Therapeutics Inc.
MGY,Magnolia Oil & Gas Corporation
MGYR,Magyar Bancorp Inc.
MH,McGraw Hill Inc.
MHD,Blackrock MuniHoldings Fund Inc.
MHF,Western Asset Municipal High Income Fund Inc.
MHH,Mastech Digital Inc
MHK,Mohawk Industries Inc.
MHLA,Maiden Holdings Ltd. 6.625% Notes due 2046
MHNC,Maiden Holdings North America Ltd. 7.75% Notes due 2043
MHO,M/I Homes Inc.
MI,NFT Limited
MIAX,Miami International Holdings Inc.
MICC,The Magnum Ice Cream Company N.V.
MIDD,Middleby Corporation (The)
MIGI,Mawson Infrastructure Group Inc.
MIMI,Mint Incorporation Limited
MIN,MFS Intermediate Income Trust
MIND,MIND Technology Inc. (DE)
MINE,Mayfair Gold Corp.
MIR,Mirion Technologies Inc.
MIRA,MIRA Pharmaceuticals Inc.
MIRM,Mirum Pharmaceuticals Inc.
MIST,Milestone Pharmaceuticals Inc.
MITK,Mitek Systems Inc.
MITN,TPG Mortgage Investment Trust Inc. 9.500% Senior Notes due 2029
MITP,TPG Mortgage Investment Trust Inc. 9.500% Senior Notes due 2029
MITQ,Moving iMage Technologies Inc.
MITT,TPG Mortgage Investment Trust Inc.
MITT^A,TPG Mortgage Investment Trust Inc. 8.25% Series A Cumulative Redeemable Preferred Stock
MITT^B,TPG Mortgage Investment Trust Inc. 8.00% Series B Cumulative Redeemable Preferred Stock
MITT^C,TPG Mortgage Investment Trust Inc. 8.00% Series C Fixed-to-Floating Rate Cumulative Redeemable Preferred Stock $0.01 par value per share
MIY,Blackrock MuniYield Michigan Quality Fund Inc.
MKC,McCormick & Company Incorporated
MKDW,MKDWELL Tech Inc.
MKDWW,MKDWELL Tech Inc. Warrants
MKL,Markel Group Inc.
MKLY,McKinley Acquisition Corporation
MKLYR,McKinley Acquisition Corporation
MKSI,MKS Inc.
MKTW,MarketWise Inc.
MKTX,MarketAxess Holdings Inc.
MKZR,MacKenzie Realty Capital Inc.
MLAAU,Mountain Lake Acquisition Corp. II
MLAB,Mesa Laboratories Inc.
MLAC,Mountain Lake Acquisition Corp.
MLACR,Mountain Lake Acquisition Corp. Right
MLACU,Mountain Lake Acquisition Corp.
MLCI,Mount Logan Capital Inc.
MLCIL,Mount Logan Capital Inc. 8.00% Notes Due 2031
MLCO,Melco Resorts & Entertainment Limited
MLEC,Moolec Science SA
MLECW,Moolec Science SA Warrant
MLGO,MicroAlgo Inc.
MLI,Mueller Industries Inc.
MLKN,MillerKnoll Inc.
MLM,Martin Marietta Materials Inc.
MLP,Maui Land & Pineapple Company Inc.
MLR,Miller Industries Inc.
MLSS,Milestone Scientific Inc.
MLTX,MoonLake Immunotherapeutics
MLYS,Mineralys Therapeutics Inc.
MMA,Mixed Martial Arts Group Limited
MMD,NYLI MacKay DefinedTerm Muni Opportunities Fund
MMI,Marcus & Millichap Inc.
MMLP,Martin Midstream Partners L.P. Limited Partnership
MMM,3M Company
MMS,Maximus Inc.
MMSI,Merit Medical Systems Inc.
MMT,MFS Multimarket Income Trust
MMTX,Miluna Acquisition Corp
MMTXU,Miluna Acquisition Corp
MMU,Western Asset Managed Municipals Fund Inc.
MMYT,MakeMyTrip Limited
MNDO,MIND C.T.I. Ltd.
MNDR,Mobile-health Network Solutions
MNDY,monday.com Ltd.
MNKD,MannKind Corporation
MNOV,Medicinova Inc
MNPR,Monopar Therapeutics Inc.
MNR,Mach Natural Resources LP Common representing Limited Partner Interests
MNRO,Monro Inc.
MNSB,MainStreet Bancshares Inc.
MNSBP,MainStreet Bancshares Inc.
MNSO,MINISO Group Holding Limited
MNST,Monster Beverage Corporation
MNTK,Montauk Renewables Inc.
MNTN,MNTN Inc.
MNTS,Momentus Inc.
MNTSW,Momentus Inc. Warrant
MNY,MoneyHero Limited
MNYWW,MoneyHero Limited Warrants
MO,Altria Group Inc.
MOB,Mobilicom Limited
MOBBW,Mobilicom Limited Warrants
MOBX,Mobix Labs Inc.
MOBXW,Mobix Labs Inc Warrants
MOD,Modine Manufacturing Company
MODD,Modular Medical Inc.
MOFG,MidWestOne Financial Gp
MOGU,MOGU Inc. (each representing 25 )
MOH,Molina Healthcare Inc
MOLN,Molecular Partners AG
MOMO,Hello Group Inc.
MORN,Morningstar Inc.
MOS,Mosaic Company (The)
MOV,Movado Group Inc.
MOVE,Movano Inc.
MP,MP Materials Corp.
MPA,Blackrock MuniYield Pennsylvania Quality Fund
MPAA,Motorcar Parts of America Inc.
MPB,Mid Penn Bancorp
MPC,Marathon Petroleum Corporation
MPLT,MapLight Therapeutics Inc.
MPLX,MPLX LP Common Representing Limited Partner Interests
MPT,Medical Properties Trust Inc.
MPTI,M-tron Industries Inc.
MPU,Mega Matrix Inc.
MPV,Barings Participation Investors
MPWR,Monolithic Power Systems Inc.
MPX,Marine Products Corporation
MQ,Marqeta Inc.
MQT,Blackrock MuniYield Quality Fund II Inc.
MQY,Blackrock MuniYield Quality Fund Inc.
MRAM,Everspin Technologies Inc.
MRBK,Meridian Corporation
MRCC,Monroe Capital Corporation
MRCY,Mercury Systems Inc
MREO,Mereo BioPharma Group plc
MRK,Merck & Company Inc. (new)
MRKR,Marker Therapeutics Inc.
MRM,MEDIROM Healthcare Technologies Inc. American Depositary Share
MRNA,Moderna Inc.
MRNO,Murano Global Investments PLC
MRNOW,Murano Global Investments PLC Warrants
MRP,Millrose Properties Inc.
MRSH,Marsh
MRT,Marti Technologies Inc.
MRTN,Marten Transport Ltd.
MRVI,Maravai LifeSciences Holdings Inc.
MRVL,Marvell Technology Inc.
MRX,Marex Group plc
MS,Morgan Stanley
MS^A,Morgan Stanley Dep Shs repstg 1/1000 Pfd Ser A
MS^E,Morgan Stanley REP 1/1000TH SHARES FIXED/FLTG PREFERRED STOCK SERIES E
MS^F,Morgan Stanley Dep Shs Rpstg 1/1000th Int Prd Ser F Fxd to Flag
MS^I,Morgan Stanley Depository Shares Representing 1/1000th Preferred Series 1 Fixed to Floating Non (Cum)
MS^K,Morgan Stanley
MS^L,Morgan Stanley
MS^O,Morgan Stanley
MS^P,Morgan Stanley
MS^Q,Morgan Stanley
MSA,MSA Safety Incorporated
MSAI,MultiSensor AI Holdings Inc.
MSAIW,MultiSensor AI Holdings Inc. Warrant
MSB,Mesabi Trust
MSBI,Midland States Bancorp Inc.
MSBIP,Midland States Bancorp Inc.
MSC,Studio City International Holdings Limited
MSCI,MSCI Inc.
MSD,Morgan Stanley Emerging Markets Debt Fund Inc.
MSDL,Morgan Stanley Direct Lending Fund
MSEX,Middlesex Water Company
MSFT,Microsoft Corporation
MSGE,Madison Square Garden Entertainment Corp.
MSGM,Motorsport Games Inc.
MSGS,Madison Square Garden Sports Corp. (New)
MSGY,Masonglory Limited
MSI,Motorola Solutions Inc.
MSIF,MSC Income Fund Inc.
MSLE,Satellos Bioscience Inc.
MSM,MSC Industrial Direct Company Inc.
MSN,Emerson Radio Corporation
MSS,Maison Solutions Inc.
MSTR,Strategy Inc
MSW,Ming Shing Group Holdings Limited
MT,Arcelor Mittal NY Registry Shares NEW
MTA,Metalla Royalty & Streaming Ltd.
MTB,M&T Bank Corporation
MTB^H,M&T Bank Corporation Perpetual Fixed-to-Floating Rate Non-Cumulative Preferred Stock Series H
MTB^J,M&T Bank Corporation
MTB^K,M&T Bank Corporation
MTC,MMTec Inc.
MTCH,Match Group Inc.
MTD,Mettler-Toledo International Inc.
MTDR,Matador Resources Company
MTEK,Maris-Tech Ltd.
MTEKW,Maris-Tech Ltd. Warrants
MTEN,Mingteng International Corporation Inc.
MTEX,Mannatech Incorporated
MTG,MGIC Investment Corporation
MTH,Meritage Homes Corporation
MTLS,Materialise NV
MTN,Vail Resorts Inc.
MTNB,Matinas Biopharma Holdings Inc.
MTR,Mesa Royalty Trust
MTRN,Materion Corporation
MTRX,Matrix Service Company
MTSI,MACOM Technology Solutions Holdings Inc.
MTUS,Metallus Inc.
MTVA,MetaVia Inc.
MTW,Manitowoc Company Inc. (The)
MTX,Minerals Technologies Inc.
MTZ,MasTec Inc.
MU,Micron Technology Inc.
MUA,Blackrock MuniAssets Fund Inc
MUC,Blackrock MuniHoldings California Quality Fund Inc.
MUFG,Mitsubishi UFJ Financial Group Inc.
MUJ,Blackrock MuniHoldings New Jersey Quality Fund Inc.
MUR,Murphy Oil Corporation
MUSA,Murphy USA Inc.
MUX,McEwen Inc.
MUZEU,Muzero Acquisition Corp Unit
MVBF,MVB Financial Corp.
MVF,Blackrock MuniVest Fund Inc.
MVIS,MicroVision Inc.
MVO,MV Oil Trust of Beneficial Interests
MVST,Microvast Holdings Inc.
MVSTW,Microvast Holdings Inc. Warrants
MVT,Blackrock MuniVest Fund II Inc.
MWA,MUELLER WATER PRODUCTS
MWG,Multi Ways Holdings Limited
MWH,SOLV Energy Inc.
MWYN,Marwynn Holdings Inc.
MX,Magnachip Semiconductor Corporation
MXC,Mexco Energy Corporation
MXCT,MaxCyte Inc.
MXE,Mexico Equity and Income Fund Inc. (The)
MXF,Mexico Fund Inc. (The)
MXL,MaxLinear Inc.
MYD,Blackrock MuniYield Fund Inc.
MYE,Myers Industries Inc.
MYFW,First Western Financial Inc.
MYGN,Myriad Genetics Inc.
MYI,Blackrock MuniYield Quality Fund III Inc
MYN,Blackrock MuniYield New York Quality Fund Inc.
MYND,Mynd.ai Inc.
MYNZ,Mainz Biomed N.V.
MYO,Myomo Inc.
MYPS,PLAYSTUDIOS Inc.
MYPSW,PLAYSTUDIOS Inc. Warrant
MYRG,MYR Group Inc.
MYSE,Myseum Inc.
MYSEW,Myseum Inc. Series A Warrant
MYSZ,My Size Inc.
MZTI,The Marzetti Company
,Nano Labs Ltd
NAAS,NaaS Technology Inc.
NABL,N-able Inc.
NAC,Nuveen California Quality Municipal Income Fund
NAD,Nuveen Quality Municipal Income Fund
NAGE,Niagen Bioscience Inc.
NAII,Natural Alternatives International Inc.
NAK,Northern Dynasty Minerals Ltd.
NAKA,Nakamoto Inc.
NAMI,Jinxin Technology Holding Company
NAMM,Namib Minerals
NAMMW,Namib Minerals Warrants
NAMS,NewAmsterdam Pharma Company N.V.
NAMSW,NewAmsterdam Pharma Company N.V. Warrant
NAN,Nuveen New York Quality Municipal Income Fund
NAT,Nordic American Tankers Limited
NATH,Nathan's Famous Inc.
NATL,NCR Atleos Corporation
NATR,Nature's Sunshine Products Inc.
NAUT,Nautilus Biotechnology Inc.
NAVI,Navient Corporation
NAVN,Navan Inc.
NAZ,Nuveen Arizona Quality Municipal Income Fund
NB,NioCorp Developments Ltd.
NBB,Nuveen Taxable Municipal Income Fund of Beneficial Interest
NBBK,NB Bancorp Inc.
NBH,Neuberger Municipal Fund Inc.
NBHC,National Bank Holdings Corporation
NBIS,Nebius Group N.V.
NBIX,Neurocrine Biosciences Inc.
NBN,Northeast Bank
NBP,NovaBridge Biosciences
NBR,Nabors Industries Ltd.
NBRGU,Newbridge Acquisition Limited Unit
NBTB,NBT Bancorp Inc.
NBTX,Nanobiotix S.A.
NBXG,Neuberger Next Generation Connectivity Fund Inc.
NBY,NovaBay Pharmaceuticals Inc.
NC,NACCO Industries Inc.
NCA,Nuveen California Municipal Value Fund
NCDL,Nuveen Churchill Direct Lending Corp.
NCEL,NewcelX Ltd.
NCEW,New Century Logistics (BVI) Limited
NCI,Neo-Concept International Group Holdings Limited
NCL,Northann Corp.
NCLH,Norwegian Cruise Line Holdings Ltd.
NCMI,National CineMedia Inc.
NCNA,NuCana plc American Depositary Share
NCNO,nCino Inc.
NCPL,Netcapital Inc.
NCPLW,Netcapital Inc. Warrants
NCRA,Nocera Inc.
NCSM,NCS Multistage Holdings Inc.
NCT,Intercont (Cayman) Limited
NCTY,The9 Limited American Depository Shares
NCV,Virtus Convertible & Income Fund of Beneficial Interest
NCV^A,Virtus Convertible & Income Fund 5.625% Series A Cumulative Preferred Shares
NCZ,Virtus Convertible & Income Fund II of Beneficial Interest
NCZ^A,Virtus Convertible & Income Fund II 5.50% Series A Cumulative Preferred Shares
NDAQ,Nasdaq Inc.
NDLS,Noodles & Company
NDMO,Nuveen Dynamic Municipal Opportunities Fund of Beneficial Interest
NDRA,ENDRA Life Sciences Inc.
NDSN,Nordson Corporation
NE,Noble Corporation plc A
NEA,Nuveen AMT-Free Quality Municipal Income Fund of Beneficial Interest Par Value $.01
NECB,NorthEast Community Bancorp Inc.
NEE,NextEra Energy Inc.
NEE^N,NextEra Energy Inc. Series N Junior Subordinated Debentures due March 1 2079
NEE^S,NextEra Energy Inc. 7.299% Corporate
NEE^T,NextEra Energy Inc. 7.234% Corporate
NEE^U,NextEra Energy Inc. Series U Junior Subordinated Debentures due June 1 2085
NEGG,Newegg Commerce Inc.
NEM,Newmont Corporation
NEN,New England Realty Associates Limited Partnership Depositary Receipts Evidencing of Limited Partnership
NEO,NeoGenomics Inc.
NEOG,Neogen Corporation
NEON,Neonode Inc.
NEOV,NeoVolta Inc.
NEOVW,NeoVolta Inc. Warrant
NEPH,Nephros Inc.
NERV,Minerva Neurosciences Inc
NESR,National Energy Services Reunited Corp
NET,Cloudflare Inc.
NEU,NewMarket Corp
NEUP,Neuphoria Therapeutics Inc.
NEWP,New Pacific Metals Corp.
NEWT,NewtekOne Inc.
NEWTG,NewtekOne Inc. 8.50% Fixed Rate Senior Notes due 2029
NEWTH,NewtekOne Inc. 8.625% Fixed Rate Senior Notes due 2029
NEWTI,NewtekOne Inc. 8.00% Fixed Rate Senior Notes due 2028
NEWTO,NewtekOne Inc. 8.50% Fixed Rate Senior Notes due 2031
NEWTP,NewtekOne Inc. Non- Series B
NEXA,Nexa Resources S.A.
NEXM,NexMetals Mining Corp.
NEXN,Nexxen International Ltd.
NEXT,NextDecade Corporation
NFBK,Northfield Bancorp Inc. (Delaware)
NFE,New Fortress Energy Inc.
NFG,National Fuel Gas Company
NFGC,New Found Gold Corp
NFJ,Virtus Dividend Interest & Premium Strategy Fund of Beneficial Interest
NFLX,Netflix Inc.
NG,Novagold Resources Inc.
NGD,New Gold Inc.
NGEN,NervGen Pharma Corp.
NGG,National Grid Transco PLC National Grid PLC (NEW)
NGL,NGL ENERGY PARTNERS LP Common representing Limited Partner Interests
NGL^B,NGL ENERGY PARTNERS LP 9.00% Class B Fixed-to-Floating Rate Cumulative Redeemable Perpetual Preferred representing limited partnership interests
NGL^C,NGL ENERGY PARTNERS LP 9.625% Class C Fixed-to-Floating Rate Cumulative Redeemable Perpetual Preferred representing limited partner interests
NGNE,Neurogene Inc.
NGS,Natural Gas Services Group Inc.
NGVC,Natural Grocers by Vitamin Cottage Inc.
NGVT,Ingevity Corporation
NHC,National HealthCare Corporation
NHI,National Health Investors Inc.
NHIC,NewHold Investment Corp III
NHICU,NewHold Investment Corp III
NHICW,NewHold Investment Corp III Warrants
NHPAP,National Healthcare Properties Inc. 7.375% Series A Cumulative Redeemable Perpetual Preferred Stock
NHPBP,National Healthcare Properties Inc. 7.125% Series B Cumulative Redeemable Perpetual Preferred Stock
NHS,Neuberger High Yield Strategies Fund Inc.
NHTC,Natural Health Trends Corp.
NI,NiSource Inc
NIC,Nicolet Bankshares Inc.
NICE,NICE Ltd
NIE,Virtus Equity & Convertible Income Fund of Beneficial Interest
NIM,Nuveen Select Maturities Municipal Fund
NIO,NIO Inc. each representing one
NIOBW,NioCorp Developments Ltd. Warrant
NIPG,NIP Group Inc.
NIQ,NIQ Global Intelligence plc
NITO,N2OFF Inc.
NIU,Niu Technologies
NIVF,NewGenIvf Group Limited
NIVFW,NewGenIvf Group Limited Warrants
NIXX,Nixxy Inc.
NJR,NewJersey Resources Corporation
NKE,Nike Inc.
NKLR,Terra Innovatum Global N.V.
NKSH,National Bankshares Inc.
NKTR,Nektar Therapeutics
NKTX,Nkarta Inc.
NKX,Nuveen California AMT-Free Quality Municipal Income Fund
NL,NL Industries Inc.
NLOP,Net Lease Office Properties of Beneficial Interest
NLY,Annaly Capital Management Inc.
NLY^F,Annaly Capital Management Inc 6.95% Series F
NLY^G,Annaly Capital Management Inc 6.50% Series G Fixed-to-Floating Rate Cumulative Redeemable Preferred Stock
NLY^I,Annaly Capital Management Inc 6.750% Series I Fixed-to-Floating Rate Cumulative Redeemable Preferred Stock
NLY^J,Annaly Capital Management Inc. 8.875% Series J Fixed-Rate Cumulative Redeemable Preferred Stock
NMAI,Nuveen Multi-Asset Income Fund of Beneficial Interest
NMAX,Newsmax Inc. Class B
NMCO,Nuveen Municipal Credit Opportunities Fund
NMFC,New Mountain Finance Corporation
NMFCZ,New Mountain Finance Corporation 8.250% Notes due 2028
NMG,Nouveau Monde Graphite Inc.
NMI,Nuveen Municipal Income Fund Inc.
NMIH,NMI Holdings Inc.
NML,Neuberger Energy Infrastructure and Income Fund Inc.
NMM,Navios Maritime Partners LP Common Representing Limited Partner Interests
NMP,NMP Acquisition Corp.
NMPAR,NMP Acquisition Corp. Right
NMPAU,NMP Acquisition Corp.
NMR,Nomura Holdings Inc ADR
NMRA,Neumora Therapeutics Inc.
NMRK,Newmark Group Inc.
NMS,Nuveen Minnesota Quality Municipal Income Fund
NMT,Nuveen Massachusetts Quality Municipal Income Fund
NMTC,NeuroOne Medical Technologies Corporation
NMZ,Nuveen Municipal High Income Opportunity Fund $0.01 par value per share
NN,NextNav Inc.
NNAVW,NextNav Inc. Warrant
NNBR,NN Inc.
NNDM,Nano Dimension Ltd.
NNE,Nano Nuclear Energy Inc.
NNI,Nelnet Inc.
NNN,NNN REIT Inc.
NNNN,Anbio Biotechnology
NNOX,NANO-X IMAGING LTD
NNVC,NanoViricides Inc.
NNY,Nuveen New York Municipal Value Fund
NOA,North American Construction Group Ltd. (no par)
NOAH,Noah Holdings Limited
NOC,Northrop Grumman Corporation
NODK,NI Holdings Inc.
NOEM,CO2 Energy Transition Corp.
NOEMW,CO2 Energy Transition Corp. Warrant
NOG,Northern Oil and Gas Inc.
NOK,Nokia Corporation Sponsored
NOM,Nuveen Missouri Quality Municipal Income Fund
NOMA,NOMADAR Corp.
NOMD,Nomad Foods Limited
NOTE,FiscalNote Holdings Inc.
NOTV,Inotiv Inc.
NOV,NOV Inc.
NOVT,Novanta Inc.
NOVTU,Novanta Inc. Tangible Equity
NOW,ServiceNow Inc.
NP,Neptune Insurance Holdings Inc.
NPAC,New Providence Acquisition Corp. III
NPACU,New Providence Acquisition Corp. III
NPACW,New Providence Acquisition Corp. III Warrants
NPB,Northpointe Bancshares Inc.
NPCE,Neuropace Inc.
NPCT,Nuveen Core Plus Impact Fund of Beneficial Interest
NPFD,Nuveen Variable Rate Preferred & Income Fund
NPK,National Presto Industries Inc.
NPKI,NPK International Inc.
NPO,Enpro Inc.
NPT,Texxon Holding Limited
NPV,Nuveen Virginia Quality Municipal Income Fund
NPWR,NET Power Inc.
NQP,Nuveen Pennsylvania Quality Municipal Income Fund
NRC,National Research Corporation (Delaware)
NRDS,NerdWallet Inc.
NRDY,Nerdy Inc.
NREF,NexPoint Real Estate Finance Inc.
NREF^A,NexPoint Real Estate Finance Inc. 8.50% Series A Cumulative Redeemable Preferred Stock
NRG,NRG Energy Inc.
NRGV,Energy Vault Holdings Inc.
NRIM,Northrim BanCorp Inc
NRIX,Nurix Therapeutics Inc.
NRK,Nuveen New York AMT-Free Quality Municipal Income Fund
NRO,Neuberger Real Estate Securities Income Fund Inc.
NRP,Natural Resource Partners LP Limited Partnership
NRSN,NeuroSense Therapeutics Ltd.
NRSNW,NeuroSense Therapeutics Ltd. Warrant
NRT,North European Oil Royality Trust
NRUC,National Rural Utilities Cooperative Finance Corporation 5.500% Subordinated Notes due 2064 (Subordinated Deferrable Interest Notes)
NRXP,NRX Pharmaceuticals Inc.
NRXPW,NRX Pharmaceuticals Inc. Warrant
NRXS,Neuraxis Inc.
NSA,National Storage Affiliates Trust of Beneficial Interest
NSA^A,National Storage Affiliates Trust 6.000% Series A Cumulative Redeemable Preferred Shares of Beneficial Interest (Liquidation Preference $25.00 per share)
NSA^B,National Storage Affiliates Trust 6.000% Series B Cumulative Redeemable Preferred Shares of Beneficial Interest
NSC,Norfolk Southern Corporation
NSIT,Insight Enterprises Inc.
NSP,Insperity Inc.
NSPR,InspireMD Inc.
NSRX,Nasus Pharma Ltd.
NSSC,NAPCO Security Technologies Inc.
NSTS,NSTS Bancorp Inc.
NSYS,Nortech Systems Incorporated
NTAP,NetApp Inc.
NTB,Bank of N.T. Butterfield & Son Limited (The) Voting
NTCL,NETCLASS TECHNOLOGY INC
NTCT,NetScout Systems Inc.
NTES,NetEase Inc.
NTGR,NETGEAR Inc.
NTHI,NeOnc Technologies Holdings Inc.
NTIC,Northern Technologies International Corporation
NTIP,Network-1 Technologies Inc.
NTLA,Intellia Therapeutics Inc.
NTNX,Nutanix Inc.
NTR,Nutrien Ltd.
NTRA,Natera Inc.
NTRB,Nutriband Inc.
NTRBW,Nutriband Inc. Warrant
NTRP,NextTrip Inc.
NTRS,Northern Trust Corporation
NTRSO,Northern Trust Corporation
NTSK,Netskope Inc.
NTST,NetSTREIT Corp.
NTWK,NetSol Technologies Inc. Common Stock
NTWO,Newbury Street II Acquisition Corp
NTWOW,Newbury Street II Acquisition Corp Warrant
NTZ,Natuzzi S.p.A.
NU,Nu Holdings Ltd.
NUAI,New Era Energy & Digital Inc.
NUAIW,New Era Energy & Digital Inc. Warrants
NUE,Nucor Corporation
NUS,Nu Skin Enterprises Inc.
NUTX,Nutex Health Inc.
NUV,Nuveen Municipal Value Fund Inc.
NUVB,Nuvation Bio Inc.
NUVL,Nuvalent Inc.
NUW,Nuveen AMT-Free Municipal Value Fund
NUWE,Nuwellis Inc.
NVA,Nova Minerals Limited
NVAWW,Nova Minerals Limited Warrant
NVAX,Novavax Inc.
NVCR,NovoCure Limited
NVCT,Nuvectis Pharma Inc.
NVDA,NVIDIA Corporation
NVEC,NVE Corporation
NVG,Nuveen AMT-Free Municipal Credit Income Fund
NVGS,Navigator Holdings Ltd. (Marshall Islands)
NVMI,Nova Ltd.
NVNI,Nvni Group Limited
NVNIW,Nvni Group Limited Warrants
NVNO,enVVeno Medical Corporation
NVO,Novo Nordisk A/S
NVR,NVR Inc.
NVRI,Enviri Corporation
NVS,Novartis AG
NVST,Envista Holdings Corporation
NVT,nVent Electric plc
NVTS,Navitas Semiconductor Corporation
NVVE,Nuvve Holding Corp.
NVVEW,Nuvve Holding Corp. Warrant
NVX,NOVONIX Limited American Depository Shares
NWAX,New America Acquisition I Corp.
NWBI,Northwest Bancshares Inc.
NWE,NorthWestern Energy Group Inc.
NWFL,Norwood Financial Corp.
NWG,NatWest Group plc (
NWGL,CL Workshop Group Limited
NWL,Newell Brands Inc.
NWN,Northwest Natural Holding Company
NWPX,NWPX Infrastructure Inc.
NWS,News Corporation Class B
NWSA,News Corporation
NWTG,Newton Golf Company Inc.
NX,Quanex Building Products Corporation
NXDR,Nextdoor Holdings Inc.
NXDT,NexPoint Diversified Real Estate Trust
NXDT^A,NexPoint Diversified Real Estate Trust 5.50% Series A Cumulative Preferred Shares ($25.00 liquidation preference per share)
NXE,Nexgen Energy Ltd.
NXG,NXG NextGen Infrastructure Income Fund of Beneficial Interest
NXGL,NexGel Inc
NXGLW,NexGel Inc Warrant
NXJ,Nuveen New Jersey Qualified Municipal Fund
NXL,Nexalin Technology Inc.
NXP,Nuveen Select Tax Free Income Portfolio
NXPI,NXP Semiconductors N.V.
NXPL,NextPlat Corp
NXPLW,NextPlat Corp Warrants
NXRT,NexPoint Residential Trust Inc.
NXST,Nexstar Media Group Inc.
NXT,Nextpower Inc.
NXTC,NextCure Inc.
NXTT,Next Technology Holding Inc.
NXXT,NextNRG Inc.
NYAX,Nayax Ltd.
NYC,American Strategic Investment Co.
NYT,New York Times Company (The)
NYXH,Nyxoah SA
NZF,Nuveen Municipal Credit Income Fund
O,Realty Income Corporation
OABI,OmniAb Inc.
OABIW,OmniAb Inc. Warrant
OACC,Oaktree Acquisition Corp. III Life Sciences
OACCU,Oaktree Acquisition Corp. III Life Sciences Unit
OACCW,Oaktree Acquisition Corp. III Life Sciences Warrant
OAK^A,Brookfield Oaktree Holdings LLC 6.625% Series A Preferred
OAK^B,Brookfield Oaktree Holdings LLC 6.550% Series B Preferred
OAKU,Oak Woods Acquisition Corporation
OAKUR,Oak Woods Acquisition Corporation Right
OAKUW,Oak Woods Acquisition Corporation Warrant
OBA,Oxley Bridge Acquisition Limited
OBAI,TG-17 Inc.
OBAWW,Oxley Bridge Acquisition Limited Warrants
OBDC,Blue Owl Capital Corporation
OBE,Obsidian Energy Ltd.
OBIO,Orchestra BioMed Holdings Inc.
OBK,Origin Bancorp Inc.
OBT,Orange County Bancorp Inc.
OBTC,Osprey Bitcoin Trust Common of Beneficial Interest
OC,Owens Corning Inc New
OCC,Optical Cable Corporation
OCCI,OFS Credit Company Inc.
OCCIM,OFS Credit Company Inc. 7.875% Series F Term Preferred Stock
OCCIN,OFS Credit Company Inc. 5.25% Series E Term Preferred Stock Due 2026
OCCIO,OFS Credit Company Inc. 6.125% Series C Term Preferred Stock
OCFC,OceanFirst Financial Corp.
OCG,Oriental Culture Holding LTD
OCGN,Ocugen Inc.
OCS,Oculis Holding AG
OCSAW,Oculis Holding AG Warrants
OCSL,Oaktree Specialty Lending Corporation
OCUL,Ocular Therapeutix Inc.
ODC,Oil-Dri Corporation Of America
ODD,ODDITY Tech Ltd.
ODFL,Old Dominion Freight Line Inc.
ODV,Osisko Development Corp.
ODVWZ,Osisko Development Corp. Warrant expiring 5/27/2027
ODYS,Odysight.ai Inc.
OEC,Orion S.A.
OESX,Orion Energy Systems Inc.
OFAL,OFA Group
OFG,OFG Bancorp
OFIX,Orthofix Medical Inc. (DE)
OFLX,Omega Flex Inc.
OFRM,Once Upon a Farm PBC
OFS,OFS Capital Corporation
OFSSH,OFS Capital Corporation 4.95% Notes due 2028
OFSSO,OFS Capital Corporation 7.50% Notes due 2028
OGE,OGE Energy Corp
OGEN,Oragenics Inc.
OGI,Organigram Global Inc.
OGN,Organon & Co.
OGS,ONE Gas Inc.
OHI,Omega Healthcare Investors Inc.
OI,O-I Glass Inc.
OIA,Invesco Municipal Income Opportunities Trust
OII,Oceaneering International Inc.
OIMAU,OneIM Acquisition Corp.
OIS,Oil States International Inc.
OKE,ONEOK Inc.
OKLO,Oklo Inc.
OKTA,Okta Inc.
OKUR,OnKure Therapeutics Inc.
OKYO,OKYO Pharma Limited
OLB,The OLB Group Inc.
OLED,Universal Display Corporation
OLLI,Ollie's Bargain Outlet Holdings Inc.
OLMA,Olema Pharmaceuticals Inc.
OLN,Olin Corporation
OLOX,Olenox Industries Inc.
OLP,One Liberty Properties Inc.
OLPX,Olaplex Holdings Inc.
OM,Outset Medical Inc.
OMAB,Grupo Aeroportuario del Centro Norte S.A.B. de C.V.
OMC,Omnicom Group Inc.
OMCL,Omnicell Inc. ($0.001 par value)
OMDA,Omada Health Inc.
OMER,Omeros Corporation
OMEX,Odyssey Marine Exploration Inc.
OMF,OneMain Holdings Inc.
OMH,Ohmyhome Limited
OMSE,OMS Energy Technologies Inc.
ON,ON Semiconductor Corporation
ONB,Old National Bancorp
ONBPO,Old National Bancorp
ONBPP,Old National Bancorp
ONC,BeOne Medicines Ltd.
ONCH,1RT Acquisition Corp.
ONCHU,1RT Acquisition Corp.
ONCHW,1RT Acquisition Corp. Warrant
ONCO,Onconetix Inc.
ONCY,Oncolytics Biotech Inc.
ONDS,Ondas Inc.
ONEG,OneConstruction Group Limited
ONEW,OneWater Marine Inc.
ONFO,Onfolio Holdings Inc.
ONFOW,Onfolio Holdings Inc. Warrant
ONIT,Onity Group Inc.
ONL,Orion Properties Inc.
ONMD,OneMedNet Corp
ONMDW,OneMedNet Corp Warrant
ONON,On Holding AG
ONTF,ON24 Inc.
ONTO,Onto Innovation Inc.
OOMA,Ooma Inc.
OPAD,Offerpad Solutions Inc.
OPAL,OPAL Fuels Inc.
OPBK,OP Bancorp
OPCH,Option Care Health Inc.
OPEN,Opendoor Technologies Inc
OPENL,Opendoor Technologies Inc Series A Warrants each whole warrant exercisable to purchase one share of at an exercise price of $13.00 per warrant
OPENW,Opendoor Technologies Inc Series K Warrants each whole warrant exercisable to purchase one share of at an exercise price of $9.00 per warrant
OPENZ,Opendoor Technologies Inc Series Z Warrants each whole warrant exercisable to purchase one share of at an exercise price of $17.00 per warrant
OPFI,OppFi Inc.
OPHC,OptimumBank Holdings Inc.
OPK,OPKO Health Inc.
OPLN,OPENLANE Inc.
OPP,RiverNorth/DoubleLine Strategic Opportunity Fund Inc.
OPP^A,RiverNorth/DoubleLine Strategic Opportunity Fund Inc. 4.375% Series A Cumulative Preferred Stock
OPP^B,RiverNorth/DoubleLine Strategic Opportunity Fund Inc. 4.75% Series B Cumulative Preferred Stock
OPP^C,RiverNorth/DoubleLine Strategic Opportunity Fund Inc. 6.00% Series C Term Preferred Stock (Liquidation Preference $10.00 per share)
OPRA,Opera Limited
OPRT,Oportun Financial Corporation
OPRX,OptimizeRx Corporation
OPTT,Ocean Power Technologies Inc.
OPTU,Optimum Communications Inc.
OPTX,Syntec Optics Holdings Inc.
OPTXW,Syntec Optics Holdings Inc. Warrant
OPXS,Optex Systems Holdings Inc.
OPY,Oppenheimer Holdings Inc. (DE)
OR,OR Royalties Inc.
ORA,Ormat Technologies Inc.
ORBS,Eightco Holdings Inc.
ORC,Orchid Island Capital Inc.
ORCL,Oracle Corporation
ORCL^D,Oracle Corporation
ORGN,Origin Materials Inc.
ORGNW,Origin Materials Inc. Warrants
ORGO,Organogenesis Holdings Inc.
ORI,Old Republic International Corporation
ORIC,Oric Pharmaceuticals Inc.
ORIO,Orion Digital Corp.
ORIQ,Origin Investment Corp I
ORIQU,Origin Investment Corp I
ORIQW,Origin Investment Corp I Warrant.
ORIS,Oriental Rise Holdings Limited
ORKA,Oruka Therapeutics Inc.
ORKT,Orangekloud Technology Inc.
ORLA,Orla Mining Ltd.
ORLY,O'Reilly Automotive Inc.
ORMP,Oramed Pharmaceuticals Inc.
ORN,Orion Group Holdings Inc. Common
ORRF,Orrstown Financial Services Inc.
OS,OneStream Inc.
OSBC,Old Second Bancorp Inc.
OSCR,Oscar Health Inc.
OSG,Octave Specialty Group Inc.
OSIS,OSI Systems Inc. (DE)
OSK,Oshkosh Corporation (Holding Company)
OSPN,OneSpan Inc.
OSRH,OSR Holdings Inc.
OSRHW,OSR Holdings Inc. Warrant
OSS,One Stop Systems Inc.
OSTX,OS Therapies Incorporated
OSUR,OraSure Technologies Inc.
OSW,OneSpaWorld Holdings Limited
OTEX,Open Text Corporation
OTF,Blue Owl Technology Finance Corp.
OTGA,OTG Acquisition Corp. I
OTGAU,OTG Acquisition Corp. I Unit
OTGAW,OTG Acquisition Corp. I Warrants
OTH,Off The Hook YS Inc.
OTIS,Otis Worldwide Corporation
OTLK,Outlook Therapeutics Inc.
OTLY,Oatly Group AB
OTTR,Otter Tail Corporation
OUST,Ouster Inc.
OUSTZ,Ouster Inc. Warrants
OUT,OUTFRONT Media Inc.
OVBC,Ohio Valley Banc Corp.
OVID,Ovid Therapeutics Inc.
OVLY,Oak Valley Bancorp (CA)
OVV,Ovintiv Inc. (DE)
OWL,Blue Owl Capital Inc.
OWLS,OBOOK Holdings Inc.
OWLT,Owlet Inc.
OXBR,Oxbridge Re Holdings Limited
OXBRW,Oxbridge Re Holdings Limited Warrant expiring 3/26/2029
OXLC,Oxford Lane Capital Corp.
OXLCG,Oxford Lane Capital Corp. 7.95% Notes due 2032
OXLCI,Oxford Lane Capital Corp. 8.75% Notes due 2030
OXLCL,Oxford Lane Capital Corp. 6.75% Notes due 2031
OXLCN,Oxford Lane Capital Corp. 7.125% Series 2029 Term Preferred Stock
OXLCO,Oxford Lane Capital Corp. Preferred Stock Shares 6.00% Series 2029
OXLCP,Oxford Lane Capital Corp. 6.25% Series 2027 Term Preferred Shares
OXLCZ,Oxford Lane Capital Corp. 5.00% Notes due 2027
OXM,Oxford Industries Inc.
OXSQ,Oxford Square Capital Corp.
OXSQG,Oxford Square Capital Corp. 5.50% Notes due 2028
OXSQH,Oxford Square Capital Corp. 7.75% Notes due 2030
OXY,Occidental Petroleum Corporation
OYSE,Oyster Enterprises II Acquisition Corp
OYSER,Oyster Enterprises II Acquisition Corp
OYSEU,Oyster Enterprises II Acquisition Corp
OZ,Belpointe PREP LLC
OZK,Bank OZK
OZKAP,Bank OZK 4.625% Series A Non-
PAA,Plains All American Pipeline L.P. Common representing Limited Partner Interests
PAACU,Proem Acquisition Corp I
PAAS,Pan American Silver Corp.
PAC,Grupo Aeroportuario Del Pacifico S.A. B. de C.V. Grupo Aeroportuario Del Pacifico S.A. de C.V. (
PACB,Pacific Biosciences of California Inc.
PACH,Pioneer Acquisition I Corp
PACHU,Pioneer Acquisition I Corp
PACHW,Pioneer Acquisition I Corp Warrants
PACK,Ranpak Holdings Corp
PACS,PACS Group Inc.
PAG,Penske Automotive Group Inc.
PAGP,Plains GP Holdings L.P. representing Limited Partner Interests
PAGS,PagSeguro Digital Ltd.
PAHC,Phibro Animal Health Corporation
PAI,Western Asset Investment Grade Income Fund Inc.
PAII,Pyrophyte Acquisition Corp. II
PAL,Proficient Auto Logistics Inc.
PALI,Palisade Bio Inc.
PAM,Pampa Energia S.A.
PAMT,PAMT CORP
PANL,Pangaea Logistics Solutions Ltd.
PANW,Palo Alto Networks Inc.
PAPL,Pineapple Financial Inc.
PAR,PAR Technology Corporation
PARK,Park Dental Partners Inc.
PARR,Par Pacific Holdings Inc.
PASG,Passage Bio Inc.
PASW,Ping An Biomedical Co. Ltd.
PATH,UiPath Inc.
PATK,Patrick Industries Inc.
PAVM,PAVmed Inc.
PAVS,Paranovus Entertainment Technology Ltd.
PAX,Patria Investments Limited
PAXS,PIMCO Access Income Fund of Beneficial Interest
PAY,Paymentus Holdings Inc.
PAYC,Paycom Software Inc.
PAYO,Payoneer Global Inc.
PAYS,Paysign Inc.
PAYX,Paychex Inc.
PB,Prosperity Bancshares Inc.
PBA,Pembina Pipeline Corp. (Canada)
PBF,PBF Energy Inc.
PBFS,Pioneer Bancorp Inc.
PBH,Prestige Consumer Healthcare Inc.
PBHC,Pathfinder Bancorp Inc. (MD)
PBI,Pitney Bowes Inc.
PBI^B,Pitney Bowes Inc 6.70% Notes Due 2043
PBM,Psyence Biomedical Ltd.
PBMWW,Psyence Biomedical Ltd. Warrant
PBR,Petroleo Brasileiro S.A. Petrobras
PBT,Permian Basin Royalty Trust
PBYI,Puma Biotechnology Inc
PCAP,ProCap Acquisition Corp
PCAPU,ProCap Acquisition Corp Unit
PCAPW,ProCap Acquisition Corp Warrant
PCAR,PACCAR Inc.
PCB,PCB Bancorp
PCF,High Income Securities Fund
PCG,Pacific Gas & Electric Co.
PCG^A,Pacific Gas & Electric Co. 6% Preferred Stock
PCG^B,Pacific Gas & Electric Co. 5 1/2% Preferred Stock
PCG^C,Pacific Gas & Electric Co. 5% 1st Preferred Stock
PCG^D,Pacific Gas & Electric Co. 5% 1st Red. Preferred Stock
PCG^E,Pacific Gas & Electric Co. 5% 1st A Preferred Stock
PCG^G,Pacific Gas & Electric Co. 4.80% 1st Preferred Stock
PCG^H,Pacific Gas & Electric Co. 4.50% 1st Preferred Stock
PCG^I,Pacific Gas & Electric Co. 4.36% 1st Preferred Stock
PCG^X,PG&E Corp 6.000% Series A Mandatory Convertible Preferred Stock
PCLA,PicoCELA Inc.
PCM,PCM Fund Inc.
PCN,Pimco Corporate & Income Strategy Fund
PCOR,Procore Technologies Inc.
PCQ,PIMCO California Municipal Income Fund
PCRX,Pacira BioSciences Inc.
PCSA,Processa Pharmaceuticals Inc.
PCSC,Perceptive Capital Solutions Corp
PCT,PureCycle Technologies Inc.
PCTTU,PureCycle Technologies Inc. Unit
PCTTW,PureCycle Technologies Inc. Warrant
PCTY,Paylocity Holding Corporation
PCVX,Vaxcyte Inc.
PCYO,Pure Cycle Corporation
PD,PagerDuty Inc.
PDC,Perpetuals.com Ltd
PDCC,Pearl Diver Credit Company Inc.
PDD,PDD Holdings Inc.
PDEX,Pro-Dex Inc.
PDFS,PDF Solutions Inc.
PDI,PIMCO Dynamic Income Fund
PDLB,Ponce Financial Group Inc.
PDM,Piedmont Realty Trust Inc.
PDO,PIMCO Dynamic Income Opportunities Fund of Beneficial Interest
PDPA,Pearl Diver Credit Company Inc. 8.00% Series A Preferred Stock Due 2029
PDS,Precision Drilling Corporation
PDSB,PDS Biotechnology Corporation
PDT,John Hancock Premium Dividend Fund
PDX,PIMCO Dynamic Income Strategy Fund of Beneficial Interest
PDYN,Palladyne AI Corp.
PDYNW,Palladyne AI Corp Warrants
PEB,Pebblebrook Hotel Trust of Beneficial Interest
PEB^E,Pebblebrook Hotel Trust 6.375% Series E Cumulative Redeemable Preferred Shares of Beneficial Interest
PEB^F,Pebblebrook Hotel Trust 6.3% Series F Cumulative Redeemable Preferred Shares of Beneficial Interest
PEB^G,Pebblebrook Hotel Trust 6.375% Series G Cumulative Redeemable Preferred Shares of Beneficial Interest
PEB^H,Pebblebrook Hotel Trust 5.700% Series H Cumulative Redeemable Preferred Shares of Beneficial Interest
PEBK,Peoples Bancorp of North Carolina Inc.
PEBO,Peoples Bancorp Inc.
PECO,Phillips Edison & Company Inc.
PED,Pedevco Corp.
PEG,Public Service Enterprise Group Incorporated
PEGA,Pegasystems Inc.
PELI,Pelican Acquisition Corporation
PELIR,Pelican Acquisition Corporation Right
PELIU,Pelican Acquisition Corporation Unit
PEN,Penumbra Inc.
PENG,Penguin Solutions Inc.
PENN,PENN Entertainment Inc.
PEO,Adams Natural Resources Fund Inc.
PEP,PepsiCo Inc.
PEPG,PepGen Inc.
PERF,Perfect Corp.
PERI,Perion Network Ltd.
PESI,Perma-Fix Environmental Services Inc.
PETS,PetMed Express Inc.
PETZ,TDH Holdings Inc.
PEW,GrabAGun Digital Holdings Inc.
PFAI,Pinnacle Food Group Limited
PFBC,Preferred Bank
PFD,Flaherty & Crumrine Preferred and Income Fund Incorporated
PFE,Pfizer Inc.
PFG,Principal Financial Group Inc
PFGC,Performance Food Group Company
PFH,Prudential Financial Inc. 4.125% Junior Subordinated Notes due 2060
PFIS,Peoples Financial Services Corp.
PFL,PIMCO Income Strategy Fund Shares of Beneficial Interest
PFLT,PennantPark Floating Rate Capital Ltd.
PFN,PIMCO Income Strategy Fund II
PFO,Flaherty & Crumrine Preferred and Income Opportunity Fund Incorporated
PFS,Provident Financial Services Inc
PFSA,Profusa Inc.
PFSI,PennyMac Financial Services Inc.
PFX,PhenixFIN Corporation
PFXNZ,PhenixFIN Corporation 5.25% Notes due 2028
PG,Procter & Gamble Company (The)
PGAC,Pantages Capital Acquisition Corporation
PGACR,Pantages Capital Acquisition Corporation Right
PGC,Peapack-Gladstone Financial Corporation
PGEN,Precigen Inc.
PGNY,Progyny Inc.
PGP,Pimco Global StocksPlus & Income Fund of Beneficial Interest
PGR,Progressive Corporation (The)
PGY,Pagaya Technologies Ltd.
PGYWW,Pagaya Technologies Ltd. Warrants
PGZ,Principal Real Estate Income Fund of Beneficial Interest
PH,Parker-Hannifin Corporation
PHAR,Pharming Group N.V.
PHAT,Phathom Pharmaceuticals Inc.
PHG,Koninklijke Philips N.V. NY Registry Shares
PHGE,BiomX Inc.
PHI,PLDT Inc. Sponsored ADR
PHIN,PHINIA Inc.
PHIO,Phio Pharmaceuticals Corp.
PHK,Pimco High Income Fund
PHM,PulteGroup Inc.
PHOE,Phoenix Asia Holdings Limited
PHR,Phreesia Inc.
PHUN,Phunware Inc.
PHVS,Pharvaris N.V.
PHXE^,Phoenix Energy One LLC Series A Cumulative Redeemable Preferred Shares
PI,Impinj Inc.
PICS,PicS N.V.
PII,Polaris Inc.
PIII,P3 Health Partners Inc.
PIIIW,P3 Health Partners Inc. Warrant
PIM,Putnam Master Intermediate Income Trust
PINE,Alpine Income Property Trust Inc.
PINE^A,Alpine Income Property Trust Inc. 8.00% Series A Cumulative Redeemable Preferred Stock
PINS,Pinterest Inc.
PIPR,Piper Sandler Companies
PJT,PJT Partners Inc.
PK,Park Hotels & Resorts Inc.
PKBK,Parke Bancorp Inc.
PKE,Park Aerospace Corp.
PKG,Packaging Corporation of America
PKOH,Park-Ohio Holdings Corp.
PKST,Peakstone Realty Trust
PKX,POSCO HOLDINGS INC. (
PL,Planet Labs PBC
PLAB,Photronics Inc.
PLAG,Planet Green Holdings Corp.
PLAY,Dave & Buster's Entertainment Inc.
PLBC,Plumas Bancorp
PLBL,Polibeli Group Ltd
PLBY,Playboy Inc.
PLCE,Children's Place Inc. (The)
PLD,Prologis Inc.
PLG,Platinum Group Metals Ltd. (Canada)
PLMK,Plum Acquisition Corp. IV
PLMKW,Plum Acquisition Corp. IV Warrants
PLMR,Palomar Holdings Inc.
PLNT,Planet Fitness Inc.
PLOW,Douglas Dynamics Inc.
PLPC,Preformed Line Products Company
PLRX,Pliant Therapeutics Inc.
PLRZ,Polyrizon Ltd.
PLSE,Pulse Biosciences Inc (DE)
PLSM,Pulsenmore Ltd.
PLTK,Playtika Holding Corp.
PLTR,Palantir Technologies Inc.
PLUG,Plug Power Inc.
PLUR,Pluri Inc.
PLUS,ePlus inc.
PLUT,Plutus Financial Group Limited
PLX,Protalix BioTherapeutics Inc. (DE)
PLXS,Plexus Corp.
PLYX,Polaryx Therapeutics Inc.
PM,Philip Morris International Inc
PMAX,Powell Max Limited
PMCB,PharmaCyte Biotech Inc.
PMEC,Primech Holdings Ltd.
PMI,Picard Medical Inc.
PML,Pimco Municipal Income Fund II of Beneficial Interest
PMM,Putnam Managed Municipal Income Trust
PMN,ProMIS Neurosciences Inc. (ON)
PMNT,Perfect Moment Ltd.
PMO,Putnam Municipal Opportunities Trust
PMT,PennyMac Mortgage Investment Trust of Beneficial Interest
PMT^A,PennyMac Mortgage Investment Trust 8.125% Series A Fixed-to-Floating Rate Cumulative Redeemable Preferred Shares of Beneficial Interest
PMT^B,PennyMac Mortgage Investment Trust 8.00% Series B Fixed-to-Floating Rate Cumulative Redeemable Preferred Shares of Beneficial Interest
PMT^C,PennyMac Mortgage Investment Trust 6.75% Series C Cumulative Redeemable Preferred Shares of Beneficial Interest
PMTR,Perimeter Acquisition Corp. I
PMTRU,Perimeter Acquisition Corp. I Unit
PMTRW,Perimeter Acquisition Corp. I Warrant
PMTS,CPI Card Group Inc.
PMTU,PennyMac Mortgage Investment Trust 8.50% Senior Notes due 2028
PMTV,PennyMac Mortgage Investment Trust 9.00% Senior Notes due 2030
PMTW,PennyMac Mortgage Investment Trust 9.00% Senior Notes due 2030
PMVP,PMV Pharmaceuticals Inc.
PN,Skycorp Solar Group Limited
PNBK,Patriot National Bancorp Inc.
PNC,PNC Financial Services Group Inc. (The)
PNFP,Pinnacle Financial Partners Inc.
PNFP^A,Pinnacle Financial Partners Inc. Fixed-to-Floating Rate Non- Series A
PNFP^B,Pinnacle Financial Partners Inc. Fixed-to-Floating Rate Non- Series B
PNFP^C,Pinnacle Financial Partners Inc. Fixed-to-Floating Rate Non- Series C
PNI,Pimco New York Municipal Income Fund II of Beneficial Interest
PNNT,PennantPark Investment Corporation
PNR,Pentair plc.
PNRG,PrimeEnergy Resources Corporation
PNTG,The Pennant Group Inc.
PNW,Pinnacle West Capital Corporation
POAS,Phaos Technology Holdings (Cayman) Limited
POCI,Precision Optics Corporation Inc.
PODC,PodcastOne Inc.
PODD,Insulet Corporation
POET,POET Technologies Inc.
POLA,Polar Power Inc.
POLE,Andretti Acquisition Corp. II
POLEW,Andretti Acquisition Corp. II Warrant
POM,POMDOCTOR LIMITED
PONY,Pony AI Inc.
POOL,Pool Corporation
POR,Portland General Electric Co
POST,Post Holdings Inc.
POWI,Power Integrations Inc.
POWL,Powell Industries Inc.
POWW,Outdoor Holding Company
POWWP,Outdoor Holding Company 8.75% Series A Cumulative Redeemable Perpetual Preferred Stock
PPBT,Purple Biotech Ltd.
PPC,Pilgrim's Pride Corporation
PPCB,Propanc Biopharma Inc.
PPG,PPG Industries Inc.
PPHC,Public Policy Holding Company Inc.
PPIH,Perma-Pipe International Holdings Inc.
PPL,PPL Corporation
PPSI,Pioneer Power Solutions Inc.
PPT,Putnam Premier Income Trust
PPTA,Perpetua Resources Corp.
PR,Permian Resources Corporation
PRA,ProAssurance Corporation
PRAA,PRA Group Inc.
PRAX,Praxis Precision Medicines Inc.
PRCH,Porch Group Inc.
PRCT,PROCEPT BioRobotics Corporation
PRDO,Perdoceo Education Corporation
PRE,Prenetics Global Limited
PRENW,Prenetics Global Limited Warrant
PRFX,PRF Technologies Ltd.
PRG,PROG Holdings Inc.
PRGO,Perrigo Company plc
PRGS,Progress Software Corporation (DE)
PRH,Prudential Financial Inc. 5.950% Junior Subordinated Notes due 2062
PRHI,Presurance Holdings Inc.
PRHIZ,Presurance Holdings Inc. 9.75% Senior Unsecured Notes due 2028
PRI,Primerica Inc.
PRIF^D,Priority Income Fund Inc. 7.00% Series D Term Preferred Stock due 2029
PRIF^J,Priority Income Fund Inc. 6.000% Series J Term Preferred Stock due 2028
PRIF^K,Priority Income Fund Inc. 7.000% Series K Cumulative Preferred Stock
PRIF^L,Priority Income Fund Inc. 6.375% Series L Term Preferred Stock Due 2029
PRIM,Primoris Services Corporation
PRK,Park National Corporation
PRKS,United Parks & Resorts Inc.
PRLB,Proto Labs Inc.
PRLD,Prelude Therapeutics Incorporated
PRM,Perimeter Solutions SA
PRMB,Primo Brands Corporation
PRME,Prime Medicine Inc.
PROF,Profound Medical Corp.
PROK,ProKidney Corp.
PROP,Prairie Operating Co.
PROV,Provident Financial Holdings Inc.
PRPL,Purple Innovation Inc.
PRPO,Precipio Inc.
PRQR,ProQR Therapeutics N.V.
PRS,Prudential Financial Inc. 5.625% Junior Subordinated Notes due 2058
PRSO,Peraso Inc.
PRSU,Pursuit Attractions and Hospitality Inc.
PRT,PermRock Royalty Trust of Beneficial Interest
PRTA,Prothena Corporation plc
PRTC,PureTech Health plc
PRTH,Priority Technology Holdings Inc.
PRTS,CarParts.com Inc.
PRU,Prudential Financial Inc.
PRVA,Privia Health Group Inc.
PRZO,ParaZero Technologies Ltd.
PSA,Public Storage
PSA^F,Public Storage
PSA^G,Public Storage
PSA^H,Public Storage
PSA^I,Public Storage
PSA^J,Public Storage
PSA^K,Public Storage
PSA^L,Public Storage
PSA^M,Public Storage
PSA^N,Public Storage
PSA^O,Public Storage
PSA^P,Public Storage
PSA^Q,Public Storage
PSA^R,Public Storage
PSA^S,Public Storage
PSBD,Palmer Square Capital BDC Inc.
PSEC,Prospect Capital Corporation
PSEC^A,Prospect Capital Corporation 5.35% Series A Fixed Rate
PSF,Cohen & Steers Select Preferred and Income Fund Inc.
PSFE,Paysafe Limited
PSHG,Performance Shipping Inc.
PSIG,PS International Group Ltd.
PSIX,Power Solutions International Inc.
PSKY,Paramount Skydance Corporation Class B
PSMT,PriceSmart Inc.
PSN,Parsons Corporation
PSNL,Personalis Inc.
PSNY,Polestar Automotive Holding UK PLC
PSNYW,Polestar Automotive Holding UK PLC Class C-1 (ADW)
PSO,Pearson Plc
PSQH,PSQ Holdings Inc.
PSTG,Pure Storage Inc.
PSTL,Postal Realty Trust Inc.
PSTV,PLUS THERAPEUTICS Inc.
PSX,Phillips 66
PTA,Cohen & Steers Tax-Advantaged Preferred Securities and Income Fund of Beneficial Interest
PTC,PTC Inc.
PTCT,PTC Therapeutics Inc.
PTEN,Patterson-UTI Energy Inc.
PTGX,Protagonist Therapeutics Inc.
PTHS,Pelthos Therapeutics Inc.
PTLE,PTL LTD
PTLO,Portillo's Inc.
PTN,Palatin Technologies Inc.
PTON,Peloton Interactive Inc.
PTORU,Praetorian Acquisition Corp.
PTRN,Pattern Group Inc. Series A
PTY,Pimco Corporate & Income Opportunity Fund
PUBM,PubMatic Inc.
PUK,Prudential Public Limited Company
PULM,Pulmatrix Inc.
PUMP,ProPetro Holding Corp.
PURR,Hyperliquid Strategies Inc
PVH,PVH Corp.
PVL,Permianville Royalty Trust of Beneficial Interest
PVLA,Palvella Therapeutics Inc.
PW,Power REIT (MD)
PW^A,Power REIT 7.75% Series A
PWP,Perella Weinberg Partners
PWR,Quanta Services Inc.
PXED,Phoenix Education Partners Inc.
PXLW,Pixelworks Inc.
PXS,Pyxis Tankers Inc.
PYPD,PolyPid Ltd.
PYPL,PayPal Holdings Inc.
PYT,PPlus Tr GSC-2 Tr Ctf Fltg Rate
PYXS,Pyxis Oncology Inc.
PZG,Paramount Gold Nevada Corp.
PZZA,Papa John's International Inc.
Q,Qnity Electronics Inc.
QBTS,D-Wave Quantum Inc.
QCLS,Q/C Technologies Inc.
QCOM,QUALCOMM Incorporated
QCRH,QCR Holdings Inc.
QDEL,QuidelOrtho Corporation
QETA,Quetta Acquisition Corporation
QETAR,Quetta Acquisition Corporation Right
QFIN,Qfin Holdings Inc.
QGEN,Qiagen N.V.
QH,Quhuo Limited American Depository Shares
QIPT,Quipt Home Medical Corp.
QLYS,Qualys Inc.
QMCO,Quantum Corporation
QNCX,Quince Therapeutics Inc.
QNRX,Quoin Pharmaceuticals Ltd.
QNST,QuinStreet Inc.
QNTM,Quantum Biopharma Ltd. Class B Subordinate Voting Shares
QQQX,Nuveen NASDAQ 100 Dynamic Overwrite Fund Shares of Beneficial Interest
QRHC,Quest Resource Holding Corporation
QRVO,Qorvo Inc.
QS,QuantumScape Corporation
QSEA,Quartzsea Acquisition Corporation
QSEAR,Quartzsea Acquisition Corporation
QSI,Quantum-Si Incorporated
QSIAW,Quantum-Si Incorporated Warrant
QSR,Restaurant Brands International Inc.
QTI,QT Imaging Holdings Inc.
QTRX,Quanterix Corporation
QTTB,Q32 Bio Inc.
QTWO,Q2 Holdings Inc.
QUAD,Quad Graphics Inc
QUBT,Quantum Computing Inc.
QUIK,QuickLogic Corporation
QUMS,Quantumsphere Acquisition Corp.
QUMSR,Quantumsphere Acquisition Corp.
QUMSU,Quantumsphere Acquisition Corp.
QURE,uniQure N.V.
QVCC,QVC Inc. 6.250% Senior Secured Notes due 2068
QVCD,QVC Inc. 6.375% Senior Secured Notes due 2067
QVCGA,QVC Group Inc. Series A
QVCGP,QVC Group Inc. 8.0% Fixed Rate Cumulative Redeemable Preferred Stock
QXO,QXO Inc.
QXO^B,QXO Inc.
R,Ryder System Inc.
RA,Brookfield Real Assets Income Fund Inc.
RAAQ,Real Asset Acquisition Corp.
RAAQW,Real Asset Acquisition Corp. Warrants
RAC,Rithm Acquisition Corp.
RAC/WS,Rithm Acquisition Corp.
RACE,Ferrari N.V.
RADX,Radiopharm Theranostics Limited
RAIL,FreightCar America Inc.
RAIN,Rain Enhancement Technologies Holdco Inc.
RAINW,Rain Enhancement Technologies Holdco Inc. Warrants
RAL,Ralliant Corporation
RAMP,LiveRamp Holdings Inc.
RAND,Rand Capital Corporation
RANG,Range Capital Acquisition Corp.
RANGR,Range Capital Acquisition Corp.
RANI,Rani Therapeutics Holdings Inc.
RAPP,Rapport Therapeutics Inc.
RAPT,RAPT Therapeutics Inc.
RARE,Ultragenyx Pharmaceutical Inc.
RAVE,Rave Restaurant Group Inc.
RAY,Raytech Holding Limited
RAYA,Erayak Power Solution Group Inc.
RBA,RB Global Inc.
RBB,RBB Bancorp
RBBN,Ribbon Communications Inc.
RBC,RBC Bearings Incorporated
RBCAA,Republic Bancorp Inc.
RBKB,Rhinebeck Bancorp Inc.
RBLX,Roblox Corporation
RBNE,Robin Energy Ltd.
RBOT,Vicarious Surgical Inc.
RBRK,Rubrik Inc.
RC,Ready Capital Corporation
RC^C,Ready Capital Corporation 6.25% Series C Cumulative Convertible Preferred Stock
RC^E,Ready Capital Corporation 6.50% Series E Cumulative Redeemable Preferred Stock
RCAT,Red Cat Holdings Inc.
RCB,Ready Capital Corporation 6.20% Senior Notes due 2026
RCC,Ready Capital Corporation 5.75% Senior Notes due 2026
RCD,Ready Capital Corporation 9.00% Senior Notes due 2029
RCEL,Avita Medical Inc.
RCG,RENN Fund Inc
RCI,Rogers Communication Inc.
RCKT,Rocket Pharmaceuticals Inc.
RCKTW,Rocket Pharmaceuticals Inc. Warrant
RCKY,Rocky Brands Inc.
RCL,Royal Caribbean Cruises Ltd.
RCMT,RCM Technologies Inc.
RCON,Recon Technology Ltd.
RCS,PIMCO Strategic Income Fund Inc.
RCT,RedCloud Holdings plc
RCUS,Arcus Biosciences Inc.
RDAC,Rising Dragon Acquisition Corp.
RDACR,Rising Dragon Acquisition Corp.
RDACU,Rising Dragon Acquisition Corp. Unit
RDAG,Republic Digital Acquisition Company
RDAGW,Republic Digital Acquisition Company Warrants
RDCM,Radcom Ltd.
RDDT,Reddit Inc.
RDGT,Ridgetech Inc.
RDHL,Redhill Biopharma Ltd.
RDI,Reading International Inc
RDIB,Reading International Inc Class B
RDN,Radian Group Inc.
RDNT,RadNet Inc.
RDNW,RideNow Group Inc. Class B
RDVT,Red Violet Inc.
RDW,Redwire Corporation
RDWR,Radware Ltd.
RDY,Dr. Reddy's Laboratories Ltd
RDZN,Roadzen Inc.
RDZNW,Roadzen Inc. Warrants
REAL,The RealReal Inc.
REAX,The Real Brokerage Inc.
REBN,Reborn Coffee Inc.
RECT,Rectitude Holdings Ltd
REE,REE Automotive Ltd.
REED,Reed's Inc.
REFI,Chicago Atlantic Real Estate Finance Inc.
REFR,Research Frontiers Incorporated
REG,Regency Centers Corporation
REGCO,Regency Centers Corporation 5.875% Series B Cumulative Redeemable Preferred Stock
REGCP,Regency Centers Corporation 6.25% Series A Cumulative Redeemable Preferred Stock
REGN,Regeneron Pharmaceuticals Inc.
REI,Ring Energy Inc.
REKR,Rekor Systems Inc.
RELL,Richardson Electronics Ltd.
RELX,RELX PLC PLC (
RELY,Remitly Global Inc.
RENT,Rent the Runway Inc.
RENX,RenX Enterprises Corp.
REPL,Replimune Group Inc.
REPX,Riley Exploration Permian Inc.
RERE,ATRenew Inc. (every three of which representing two )
RES,RPC Inc.
RETO,ReTo Eco-Solutions Inc. Shares
REVB,Revelation Biosciences Inc.
REVBW,Revelation Biosciences Inc. Warrant
REX,REX American Resources Corporation
REXR,Rexford Industrial Realty Inc.
REXR^B,Rexford Industrial Realty Inc. 5.875% Series B Cumulative Redeemable Preferred Stock
REXR^C,Rexford Industrial Realty Inc. 5.625% Series C Cumulative Redeemable Preferred Stock par value $0.01 per share
REYN,Reynolds Consumer Products Inc.
REZI,Resideo Technologies Inc.
RF,Regions Financial Corporation
RF^C,Regions Financial Corporation
RF^E,Regions Financial Corporation
RF^F,Regions Financial Corporation
RFAI,RF Acquisition Corp II
RFAIR,RF Acquisition Corp II Right
RFAMU,RF Acquisition Corp III
RFI,Cohen & Steers Total Return Realty Fund Inc.
RFIL,RF Industries Ltd.
RFL,Rafael Holdings Inc. Class B
RFM,RiverNorth Flexible Municipal Income Fund Inc.
RFMZ,RiverNorth Flexible Municipal Income Fund II Inc.
RGA,Reinsurance Group of America Incorporated
RGC,Regencell Bioscience Holdings Limited
RGCO,RGC Resources Inc.
RGEN,Repligen Corporation
RGLD,Royal Gold Inc.
RGNT,Regentis Biomaterials Ltd.
RGNX,REGENXBIO Inc.
RGP,Resources Connection Inc.
RGR,Sturm Ruger & Company Inc.
RGS,Regis Corporation
RGT,Royce Global Trust Inc.
RGTI,Rigetti Computing Inc.
RGTIW,Rigetti Computing Inc. Warrants
RH,RH
RHI,Robert Half Inc.
RHLD,Resolute Holdings Management
RHP,Ryman Hospitality Properties Inc. (REIT)
RIBB,Ribbon Acquisition Corp
RIBBR,Ribbon Acquisition Corp
RIBBU,Ribbon Acquisition Corp Unit
RICK,RCI Hospitality Holdings Inc.
RIG,Transocean Ltd (Switzerland)
RIGL,Rigel Pharmaceuticals Inc.
RILY,BRC Group Holdings Inc.
RILYG,BRC Group Holdings Inc. 5.00% Senior Notes due 2026
RILYK,BRC Group Holdings Inc. 5.50% Senior Notes Due 2026
RILYL,BRC Group Holdings Inc.
RILYN,BRC Group Holdings Inc. 6.50% Senior Notes Due 2026
RILYP,BRC Group Holdings Inc.
RILYT,BRC Group Holdings Inc. 6.00% Senior Notes Due 2028
RILYZ,BRC Group Holdings Inc. 5.25% Senior Notes due 2028
RIME,Algorhythm Holdings Inc.
RIO,Rio Tinto Plc
RIOT,Riot Platforms Inc.
RITM,Rithm Capital Corp.
RITM^A,Rithm Capital Corp. 7.50% Series A Fixed-to-Floating Rate Cumulative Redeemable Preferred Stock
RITM^B,Rithm Capital Corp. 7.125% Series B Fixed-to-Floating Rate Cumulative Redeemable Preferred Stock
RITM^C,Rithm Capital Corp. 6.375% Series C Fixed-to-Floating Rate Cumulative Redeemable Preferred Stock
RITM^D,Rithm Capital Corp. 7.00% Fixed-Rate Reset Series D Cumulative Redeemable Preferred Stock
RITM^E,Rithm Capital Corp. 8.75% Series E Fixed-Rate Cumulative Redeemable Preferred Stock
RITM^F,Rithm Capital Corp. 8.750% Series F Fixed-Rate Reset Cumulative Redeemable Preferred Stock
RITR,Reitar Logtech Holdings Limited
RIV,RiverNorth Opportunities Fund Inc.
RIV^A,RiverNorth Opportunities Fund Inc. 6.00% Series A Perpetual Preferred Stock
RIVN,Rivian Automotive Inc.
RJET,Republic Airways Holdings Inc.
RJF,Raymond James Financial Inc.
RKDA,Arcadia Biosciences Inc.
RKLB,Rocket Lab Corporation
RKT,Rocket Companies Inc.
RL,Ralph Lauren Corporation
RLAY,Relay Therapeutics Inc.
RLGT,Radiant Logistics Inc.
RLI,RLI Corp. (DE)
RLJ,RLJ Lodging Trust of Beneficial Interest $0.01 par value
RLJ^A,RLJ Lodging Trust $1.95 Series A Cumulative Convertible Preferred Shares
RLMD,Relmada Therapeutics Inc.
RLTY,Cohen & Steers Real Estate Opportunities and Income Fund of Beneficial Interest
RLX,RLX Technology Inc.
RLYB,Rallybio Corporation
RM,Regional Management Corp.
RMAX,RE/MAX Holdings Inc.
RMBI,Richmond Mutual Bancorporation Inc.
RMBS,Rambus Inc.
RMCF,Rocky Mountain Chocolate Factory Inc.
RMCO,Royalty Management Holding Corporation
RMCOW,Royalty Management Holding Corporation Warrant
RMD,ResMed Inc.
RMI,RiverNorth Opportunistic Municipal Income Fund Inc.
RMM,RiverNorth Managed Duration Municipal Income Fund Inc.
RMMZ,RiverNorth Managed Duration Municipal Income Fund II Inc.
RMNI,Rimini Street Inc. (DE)
RMR,The RMR Group Inc.
RMSG,Real Messenger Corporation
RMSGW,Real Messenger Corporation Warrants
RMT,Royce Micro-Cap Trust Inc.
RMTI,Rockwell Medical Inc.
RNA,Avidity Biosciences Inc.
RNAC,Cartesian Therapeutics Inc.
RNAZ,TransCode Therapeutics Inc.
RNG,RingCentral Inc.
RNGR,Ranger Energy Services Inc.
RNGT,Range Capital Acquisition Corp II
RNGTU,Range Capital Acquisition Corp II
RNGTW,Range Capital Acquisition Corp II Warrants
RNP,Cohen & Steers REIT and Preferred and Income Fund Inc.
RNR,RenaissanceRe Holdings Ltd.
RNR^F,RenaissanceRe Holdings Ltd.
RNR^G,RenaissanceRe Holdings Ltd.
RNST,Renasant Corporation
RNTX,Rein Therapeutics Inc.
RNW,ReNew Energy Global plc
RNWWW,ReNew Energy Global plc Warrant
RNXT,RenovoRx Inc.
ROAD,Construction Partners Inc.
ROCK,Gibraltar Industries Inc.
ROG,Rogers Corporation
ROIV,Roivant Sciences Ltd.
ROK,Rockwell Automation Inc.
ROKU,Roku Inc.
ROL,Rollins Inc.
ROLR,High Roller Technologies Inc.
ROMA,Roma Green Finance Limited
ROOT,Root Inc.
ROP,Roper Technologies Inc.
ROST,Ross Stores Inc.
RPAY,Repay Holdings Corporation
RPC,Ridgepost Capital Inc.
RPD,Rapid7 Inc.
RPGL,Republic Power Group Limited
RPID,Rapid Micro Biosystems Inc.
RPM,RPM International Inc.
RPRX,Royalty Pharma plc
RPT,Rithm Property Trust Inc.
RPT^C,Rithm Property Trust Inc. 9.875% Series C Fixed-to-Floating Rate Cumulative Redeemable Preferred Stock
RQI,Cohen & Steers Quality Income Realty Fund Inc
RR,Richtech Robotics Inc. Class B
RRBI,Red River Bancshares Inc.
RRC,Range Resources Corporation
RRGB,Red Robin Gourmet Burgers Inc.
RRR,Red Rock Resorts Inc.
RRX,Regal Rexnord Corporation
RS,Reliance Inc.
RSF,RiverNorth Capital and Income Fund
RSG,Republic Services Inc.
RSI,Rush Street Interactive Inc.
RSKD,Riskified Ltd.
RSSS,Research Solutions Inc
RSVR,Reservoir Media Inc.
RSVRW,Reservoir Media Inc. Warrant
RTAC,Renatus Tactical Acquisition Corp I
RTACU,Renatus Tactical Acquisition Corp I Unit
RTACW,Renatus Tactical Acquisition Corp I Warrant
RTO,Rentokil Initial plc (
RTX,RTX Corporation
RUBI,Rubico Inc.
RUM,Rumble Inc.
RUMBW,Rumble Inc. Warrant
RUN,Sunrun Inc.
RUSHA,Rush Enterprises Inc. Cl A
RUSHB,Rush Enterprises Inc. Class B
RVLV,Revolve Group Inc.
RVMD,Revolution Medicines Inc.
RVMDW,Revolution Medicines Inc. Warrant
RVP,Retractable Technologies Inc.
RVPH,Reviva Pharmaceuticals Holdings Inc.
RVSB,Riverview Bancorp Inc
RVSN,Rail Vision Ltd.
RVSNW,Rail Vision Ltd. Warrant
RVT,Royce Small-Cap Trust Inc.
RVTY,Revvity Inc.
RVYL,Ryvyl Inc.
RWAY,Runway Growth Finance Corp.
RWAYI,Runway Growth Finance Corp. 7.25% Notes due 2031
RWAYL,Runway Growth Finance Corp. 7.50% Notes due 2027
RWAYZ,Runway Growth Finance Corp. 8.00% Notes due 2027
RWT,Redwood Trust Inc.
RWT^A,Redwood Trust Inc. 10.00% Series A Fixed-Rate Reset Cumulative Redeemable Preferred Stock
RWTN,Redwood Trust Inc. 9.125% Senior Notes Due 2029
RWTO,Redwood Trust Inc. 9.00% Senior Notes Due 2029
RWTP,Redwood Trust Inc. 9.125% Senior Notes Due 2030
RWTQ,Redwood Trust Inc. 9.500% Senior Notes Due 2030
RXO,RXO Inc.
RXRX,Recursion Pharmaceuticals Inc.
RXST,RxSight Inc.
RXT,Rackspace Technology Inc.
RY,Royal Bank Of Canada
RYAAY,Ryanair Holdings plc
RYAM,Rayonier Advanced Materials Inc.
RYAN,Ryan Specialty Holdings Inc.
RYDE,Ryde Group Ltd.
RYET,Ruanyun Edai Technology Inc.
RYI,Ryerson Holding Corporation
RYM,RYTHM Inc.
RYN,Rayonier Inc. REIT
RYOJ,rYojbaba Co. Ltd.
RYTM,Rhythm Pharmaceuticals Inc.
RZB,Reinsurance Group of America Incorporated 5.75% Fixed-To-Floating Rate Subordinated Debentures due 2056
RZC,Reinsurance Group of America Incorporated 7.125% Fixed-Rate Reset Subordinated Debentures due 2052
RZLT,Rezolute Inc. (NV)
RZLV,Rezolve AI PLC
RZLVW,Rezolve AI PLC Warrants
S,SentinelOne Inc.
SA,Seabridge Gold Inc. (Canada)
SAAQU,Space Asset Acquisition Corp.
SABA,Saba Capital Income & Opportunities Fund II Shares of Beneficial Interest
SABR,Sabre Corporation
SABS,SAB Biotherapeutics Inc.
SABSW,SAB Biotherapeutics Inc. Warrant
SAC,Safeguard Acquisition Corp.
SACH,Sachem Capital Corp.
SACH^A,Sachem Capital Corp. 7.75% Series A Cumulative Redeemable Preferred Stock
SAFE,Safehold Inc. New
SAFT,Safety Insurance Group Inc.
SAFX,XCF Global Inc.
SAGT,SAGTEC GLOBAL LIMITED
SAH,Sonic Automotive Inc.
SAIA,Saia Inc.
SAIC,Science Applications International Corporation
SAIH,SAIHEAT Limited
SAIHW,SAIHEAT Limited Warrant
SAIL,SailPoint Inc.
SAJ,Saratoga Investment Corp 8.00% Notes due 2027
SAM,Boston Beer Company Inc. (The)
SAMG,Silvercrest Asset Management Group Inc.
SAN,Banco Santander S.A. Sponsored ADR (Spain)
SANA,Sana Biotechnology Inc.
SANG,Sangoma Technologies Corporation
SANM,Sanmina Corporation
SAP,SAP SE
SAR,Saratoga Investment Corp New
SARO,StandardAero Inc.
SAT,Saratoga Investment Corp 6.00% Notes due 2027
SATA,Strive Inc. Variable Rate Series A Perpetual Preferred Stock
SATL,Satellogic Inc.
SATLW,Satellogic Inc. Warrant
SATS,EchoStar Corporation
SAV,Saratoga Investment Corp 7.50% Notes due 2031
SAVA,Cassava Sciences Inc.
SAY,Saratoga Investment Corp 8.125% Notes due 2027
SAZ,Saratoga Investment Corp 8.50% Notes due 2028
SB,Safe Bulkers Inc ($0.001 par value)
SB^C,Safe Bulkers Inc Cumulative Redeemable Perpetual Preferred Series C (Marshall Islands)
SB^D,Safe Bulkers Inc Perpetual Preferred Series D (Marshall Islands)
SBAC,SBA Communications Corporation
SBC,SBC Medical Group Holdings Incorporated
SBCF,Seacoast Banking Corporation of Florida
SBCWW,SBC Medical Group Holdings Incorporated Warrants
SBDS,Solo Brands Inc.
SBET,Sharplink Inc.
SBEV,Splash Beverage Group Inc. (NV)
SBFG,SB Financial Group Inc.
SBFM,Sunshine Biopharma Inc.
SBGI,Sinclair Inc.
SBH,Sally Beauty Holdings Inc. (Name to be changed from Sally Holdings Inc.)
SBI,Western Asset Intermediate Muni Fund Inc
SBLK,Star Bulk Carriers Corp.
SBLX,StableX Technologies Inc.
SBR,Sabine Royalty Trust
SBRA,Sabra Health Care REIT Inc.
SBS,Companhia de saneamento Basico Do Estado De Sao Paulo - Sabesp (Each repstg 250 )
SBSI,Southside Bancshares Inc.
SBSW,D/B/A Sibanye-Stillwater Limited
SBUX,Starbucks Corporation
SBXD,SilverBox Corp IV
SBXE,SilverBox Corp V
SCAG,Scage Future
SCAGW,Scage Future Warrants
SCCD,Sachem Capital Corp. 6.00% Notes due 2026
SCCE,Sachem Capital Corp. 6.00% Notes due 2027
SCCF,Sachem Capital Corp. 7.125% Notes due 2027
SCCG,Sachem Capital Corp. 8.00% Notes due 2027
SCCO,Southern Copper Corporation
SCD,LMP Capital and Income Fund Inc.
SCE^G,SCE Trust II Trust Preferred Securities
SCE^K,Southern California Edison Company 5.45% Fixed-to-Floating Rate Trust Preference Securities
SCE^L,SCE TRUST VI
SCE^M,SCE Trust VII 7.50% Trust Preference Securities
SCE^N,SCE Trust VIII 6.95% Trust Preference Securities
SCHL,Scholastic Corporation
SCHW,Charles Schwab Corporation (The)
SCHW^D,The Charles Schwab Corporation
SCHW^J,The Charles Schwab Corporation
SCI,Service Corporation International
SCII,SC II Acquisition Corp.
SCIIR,SC II Acquisition Corp.
SCIIU,SC II Acquisition Corp.
SCKT,Socket Mobile Inc.
SCL,Stepan Company
SCLX,Scilex Holding Company
SCLXW,Scilex Holding Company Warrant
SCM,Stellus Capital Investment Corporation
SCNI,Scinai Immunotherapeutics Ltd.
SCNX,Scienture Holdings Inc.
SCOR,comScore Inc.
SCPQ,Social Commerce Partners Corporation
SCPQU,Social Commerce Partners Corporation Unit
SCPQW,Social Commerce Partners Corporation Warrant
SCSC,ScanSource Inc.
SCVL,Shoe Carnival Inc.
SCWO,374Water Inc.
SCYX,SCYNEXIS Inc.
SCZM,Santacruz Silver Mining Ltd.
SD,SandRidge Energy Inc.
SDA,SunCar Technology Group Inc.
SDAWW,SunCar Technology Group Inc. Warrant
SDGR,Schrodinger Inc.
SDHC,Smith Douglas Homes Corp.
SDHI,Siddhi Acquisition Corp
SDHIR,Siddhi Acquisition Corp Right
SDHY,PGIM Short Duration High Yield Opportunities Fund
SDOT,Sadot Group Inc.
SDRL,Seadrill Limited
SDST,Stardust Power Inc.
SDSTW,Stardust Power Inc. Warrant
SE,Sea Limited
SEAL^A,Seapeak LLC 9.00% Series A Cumulative Redeemable Perpetual Preferred
SEAL^B,Seapeak LLC 8.50% Series B Fixed-to-Floating Rate Cumulative Redeemable Perpetual Preferred
SEAT,Vivid Seats Inc.
SEB,Seaboard Corporation
SEDG,SolarEdge Technologies Inc.
SEE,Sealed Air Corporation
SEED,Origin Agritech Limited
SEER,Seer Inc.
SEG,Seaport Entertainment Group Inc.
SEGG,Sports Entertainment Gaming Global Corporation
SEI,Solaris Energy Infrastructure Inc.
SEIC,SEI Investments Company
SELF,Global Self Storage Inc.
SELX,Semilux International Ltd.
SEM,Select Medical Holdings Corporation
SEMR,SEMrush Holdings Inc.
SENEA,Seneca Foods Corp.
SENEB,Seneca Foods Corp. Class B
SENS,Senseonics Holdings Inc.
SEPN,Septerna Inc.
SER,Serina Therapeutics Inc.
SERA,Sera Prognostics Inc.
SERV,Serve Robotics Inc.
SES,SES AI Corporation
SEV,Aptera Motors Corp. Class B
SEVN,Seven Hills Realty Trust
SEZL,Sezzle Inc.
SF,Stifel Financial Corporation
SF^B,Stifel Financial Corporation
SF^C,Stifel Financial Corporation
SF^D,Stifel Financial Corporation
SFB,Stifel Financial Corporation 5.20% Senior Notes due 2047
SFBC,Sound Financial Bancorp Inc.
SFBS,ServisFirst Bancshares Inc.
SFD,Smithfield Foods Inc.
SFHG,Samfine Creation Holdings Group Limited
SFIX,Stitch Fix Inc.
SFL,SFL Corporation Ltd
SFM,Sprouts Farmers Market Inc.
SFNC,Simmons First National Corporation
SFST,Southern First Bancshares Inc.
SFWL,Shengfeng Development Limited
SG,Sweetgreen Inc.
SGA,Saga Communications Inc. (FL)
SGC,Superior Group of Companies Inc.
SGHC,Super Group (SGHC) Limited
SGHT,Sight Sciences Inc.
SGI,Somnigroup International Inc.
SGLY,Singularity Future Technology Ltd.
SGML,Sigma Lithium Corporation
SGMO,Sangamo Therapeutics Inc.
SGMT,Sagimet Biosciences Inc. Series A
SGN,Signing Day Sports Inc.
SGP,SpyGlass Pharma Inc.
SGRP,SPAR Group Inc.
SGRY,Surgery Partners Inc.
SGU,Star Group L.P.
SHAK,Shake Shack Inc.
SHBI,Shore Bancshares Inc
SHC,Sotera Health Company
SHEL,Shell PLC (
SHEN,Shenandoah Telecommunications Co
SHFS,SHF Holdings Inc.
SHFSW,SHF Holdings Inc. Warrants
SHG,Shinhan Financial Group Co Ltd
SHIM,Shimmick Corporation
SHIP,Seanergy Maritime Holdings Corp.
SHLS,Shoals Technologies Group Inc.
SHMD,SCHMID Group N.V.
SHMDW,SCHMID Group N.V. Warrants
SHO,Sunstone Hotel Investors Inc. Sunstone Hotel Investors Inc.
SHO^H,Sunstone Hotel Investors Inc. 6.125% Series H Cumulative Redeemable Preferred Stock
SHO^I,Sunstone Hotel Investors Inc. 5.70% Series I Cumulative Redeemable Preferred Stock
SHOO,Steven Madden Ltd.
SHOP,Shopify Inc. Subordinate Voting Shares
SHPH,Shuttle Pharmaceuticals Holdings Inc.
SHW,Sherwin-Williams Company (The)
SI,Shoulder Innovations Inc.
SIBN,SI-BONE Inc.
SID,Companhia Siderurgica Nacional S.A.
SIDU,Sidus Space Inc.
SIEB,Siebert Financial Corp.
SIF,SIFCO Industries Inc.
SIFY,Sify Technologies Limited
SIG,Signet Jewelers Limited
SIGA,SIGA Technologies Inc.
SIGI,Selective Insurance Group Inc.
SIGIP,Selective Insurance Group Inc.
SII,Sprott Inc.
SILA,Sila Realty Trust Inc.
SILC,Silicom Ltd
SILO,Silo Pharma Inc.
SIM,Grupo Simec S.A.B. de C.V.
SIMA,SIM Acquisition Corp. I
SIMAW,SIM Acquisition Corp. I Warrant
SIMO,Silicon Motion Technology Corporation
SINT,SiNtx Technologies Inc.
SION,Sionna Therapeutics Inc.
SIRI,SiriusXM Holdings Inc.
SITC,SITE Centers Corp.
SITE,SiteOne Landscape Supply Inc.
SITM,SiTime Corporation
SJ,Scienjoy Holding Corporation
SJM,The J.M. Smucker Company
SJT,San Juan Basin Royalty Trust
SKBL,Skyline Builders Group Holding Limited
SKE,Skeena Resources Limited
SKIL,Skillsoft Corp.
SKIN,The Beauty Health Company
SKK,SKK Holdings Limited
SKLZ,Skillz Inc.
SKM,SK Telecom Co. Ltd.
SKT,Tanger Inc.
SKWD,Skyward Specialty Insurance Group Inc.
SKY,Champion Homes Inc.
SKYE,Skye Bioscience Inc.
SKYH,Sky Harbour Group Corporation
SKYQ,Sky Quarry Inc.
SKYT,SkyWater Technology Inc.
SKYW,SkyWest Inc.
SKYX,SKYX Platforms Corp.
SLAB,Silicon Laboratories Inc.
SLAI,SOLAI Limited (
SLB,SLB Limited
SLDB,Solid Biosciences Inc.
SLDE,Slide Insurance Holdings Inc.
SLDP,Solid Power Inc.
SLDPW,Solid Power Inc. Warrant
SLE,Super League Enterprise Inc.
SLF,Sun Life Financial Inc.
SLG,SL Green Realty Corp
SLG^I,SL Green Realty Corporation Preferred Series I
SLGB,Smart Logistics Global Limited
SLGL,Sol-Gel Technologies Ltd.
SLGN,Silgan Holdings Inc.
SLI,Standard Lithium Ltd.
SLM,SLM Corporation
SLMBP,SLM Corporation Floating Rate Non-Cumulative Preferred Stock Series B
SLMT,Brera Holdings PLC Class B
SLN,Silence Therapeutics Plc American Depository Share
SLND,Southland Holdings Inc.
SLNG,Stabilis Solutions Inc.
SLNH,Soluna Holdings Inc.
SLNHP,Soluna Holdings Inc 9.0% Series A
SLNO,Soleno Therapeutics Inc.
SLP,Simulations Plus Inc.
SLQT,SelectQuote Inc.
SLRC,SLR Investment Corp.
SLS,SELLAS Life Sciences Group Inc.
SLSN,Solesence Inc.
SLSR,Solaris Resources Inc.
SLVM,Sylvamo Corporation
SLXN,Silexion Therapeutics Corp
SLXNW,Silexion Therapeutics Corp Warrant
SM,SM Energy Company
SMA,SmartStop Self Storage REIT Inc.
SMBC,Southern Missouri Bancorp Inc.
SMBK,SmartFinancial Inc.
SMC,Summit Midstream Corporation
SMCI,Super Micro Computer Inc.
SMFG,Sumitomo Mitsui Financial Group Inc Unsponsored (Japan)
SMG,Scotts Miracle-Gro Company (The)
SMHI,SEACOR Marine Holdings Inc.
SMID,Smith-Midland Corporation
SMJF,SMJ International Holdings Inc.
SMMT,Summit Therapeutics Inc.
SMP,Standard Motor Products Inc.
SMPL,The Simply Good Foods Company
SMR,NuScale Power Corporation
SMRT,SmartRent Inc.
SMSI,Smith Micro Software Inc.
SMTC,Semtech Corporation
SMTI,Sanara MedTech Inc.
SMTK,SmartKem Inc.
SMWB,Similarweb Ltd.
SMX,SMX (Security Matters) Public Limited Company
SMXT,Solarmax Technology Inc.
SMXWW,SMX (Security Matters) Public Limited Company Warrant
SN,SharkNinja Inc.
SNA,Snap-On Incorporated
SNAL,Snail Inc.
SNAP,Snap Inc.
SNBR,Sleep Number Corporation
SNCR,Synchronoss Technologies Inc.
SNCY,Sun Country Airlines Holdings Inc.
SND,Smart Sand Inc.
SNDA,Sonida Senior Living Inc.
SNDK,Sandisk Corporation
SNDL,SNDL Inc.
SNDR,Schneider National Inc.
SNDX,Syndax Pharmaceuticals Inc.
SNES,SenesTech Inc.
SNEX,StoneX Group Inc.
SNFCA,Security National Financial Corporation
SNGX,Soligenix Inc.
SNN,Smith & Nephew SNATS Inc.
SNOA,Sonoma Pharmaceuticals Inc.
SNOW,Snowflake Inc.
SNPS,Synopsys Inc.
SNSE,Sensei Biotherapeutics Inc.
SNT,Senstar Technologies Corporation
SNTG,Sentage Holdings Inc.
SNTI,Senti Biosciences Inc.
SNWV,SANUWAVE Health Inc.
SNX,TD SYNNEX Corporation
SNY,Sanofi
SNYR,Synergy CHC Corp.
SO,Southern Company (The)
SOAR,Volato Group Inc.
SOBO,South Bow Corporation
SOBR,SOBR Safe Inc.
SOC,Sable Offshore Corp.
SOCA,Solarius Capital Acquisition Corp.
SOCAW,Solarius Capital Acquisition Corp. Warrant
SOFI,SoFi Technologies Inc.
SOGP,Sound Group Inc.
SOHOB,Sotherly Hotels Inc. 8.0% Series B Cumulative Redeemable Perpetual Preferred Stock
SOHON,Sotherly Hotels Inc. 8.25% Series D Cumulative Redeemable Perpetual Preferred Stock
SOHOO,Sotherly Hotels Inc. 7.875% Series C Cumulative Redeemable Perpetual Preferred Stock
SOHU,Sohu.com Limited
SOJC,Southern Company (The) Series 2017B 5.25% Junior Subordinated Notes due December 1 2077
SOJD,Southern Company (The) Series 2020A 4.95% Junior Subordinated Notes due January 30 2080
SOJE,Southern Company (The) Series 2020C 4.20% Junior Subordinated Notes due October 15 2060
SOJF,Southern Company (The) Series 2025A 6.50% Junior Subordinated Notes due March 15 2085
SOLS,Solstice Advanced Materials Inc.
SOLV,Solventum Corporation
SOMN,Southern Company (The) 2025 Series A Corporate
SON,Sonoco Products Company
SONM,Sonim Technologies Inc.
SONO,Sonos Inc.
SONY,Sony Group Corporation
SOPA,Society Pass Incorporated
SOPH,SOPHiA GENETICS SA
SOR,Source Capital Inc. Cmn Shs of BI
SORA,AsiaStrategy
SORNU,Soren Acquisition Corp. Unit
SOS,SOS Limited
SOTK,Sono-Tek Corporation
SOUL,Soulpower Acquisition Corporation
SOUN,SoundHound AI Inc
SOUNW,SoundHound AI Inc. Warrant
SOWG,Sow Good Inc.
SPAI,Safe Pro Group Inc.
SPB,Spectrum Brands Holdings Inc.
SPCB,SuperCom Ltd. (Israel)
SPCE,Virgin Galactic Holdings Inc.
SPE,Special Opportunities Fund Inc
SPE^C,Special Opportunities Fund Inc. 2.75% Convertible Preferred Stock Series C
SPEG,Silver Pegasus Acquisition Corp
SPEGR,Silver Pegasus Acquisition Corp .
SPEGU,Silver Pegasus Acquisition Corp Unit
SPFI,South Plains Financial Inc.
SPG,Simon Property Group Inc.
SPG^J,Simon Property Group Inc. Simon Property Group 8 3/8% Series J Cumulative Redeemable Preferred Stock
SPGI,S&P Global Inc.
SPH,Suburban Propane Partners L.P.
SPHL,Springview Holdings Ltd
SPHR,Sphere Entertainment Co.
SPIR,Spire Global Inc.
SPKL,Spark I Acquisition Corp.
SPKLW,Spark I Acquisition Corp. Warrant
SPMA,Sound Point Meridian Capital Inc. 8.00% Series A Preferred Shares Due 2029
SPMC,Sound Point Meridian Capital Inc.
SPME,Sound Point Meridian Capital Inc. 7.875% Series B Preferred Shares due 2030
SPNT,SiriusPoint Ltd.
SPNT^B,SiriusPoint Ltd. 8.00% Resettable Fixed Rate Preference Shares Series B $25.00 liquidation preference per share
SPOK,Spok Holdings Inc.
SPOT,Spotify Technology S.A.
SPPL,SIMPPLE LTD.
SPRB,Spruce Biosciences Inc.
SPRC,SciSparc Ltd.
SPRO,Spero Therapeutics Inc.
SPRU,Spruce Power Holding Corporation
SPRY,ARS Pharmaceuticals Inc.
SPSC,SPS Commerce Inc.
SPT,Sprout Social Inc
SPWH,Sportsman's Warehouse Holdings Inc.
SPWR,SunPower Inc.
SPWRW,SunPower Inc. Warrants
SPXC,SPX Technologies Inc.
SPXX,Nuveen S&P 500 Dynamic Overwrite Fund
SQFT,Presidio Property Trust Inc.
SQFTP,Presidio Property Trust Inc. 9.375% Series D Cumulative Redeemable Perpetual Preferred Stock $0.01 par value per share
SQFTW,Presidio Property Trust Inc. Series A Purchase Warrants
SQM,Sociedad Quimica y Minera S.A.
SQNS,Sequans Communications S.A. (
SR,Spire Inc.
SRAD,Sportradar Group AG
SRBK,SR Bancorp Inc.
SRCE,1st Source Corporation
SRE,DBA Sempra
SREA,DBA Sempra 5.750% Junior Subordinated Notes due 2079
SRFM,Surf Air Mobility Inc.
SRG,Seritage Growth Properties
SRG^A,Seritage Growth Properties 7.00% Series A Cumulative Redeemable Preferred Shares of Beneficial Interest
SRI,Stoneridge Inc.
SRJN,Spire Inc. 6.375% Junior Subordinated Notes due 2086
SRL,Scully Royalty Ltd.
SRPT,Sarepta Therapeutics Inc. (DE)
SRRK,Scholar Rock Holding Corporation
SRTA,Strata Critical Medical Inc.
SRTAW,Strata Critical Medical Inc. Warrants
SRTS,Sensus Healthcare Inc.
SRV,NXG Cushing Midstream Energy Fund of Beneficial Interest
SRXH,SRX Health Solutions Inc.
SRZN,Surrozen Inc.
SSACU,SPACSphere Acquisition Corp. Unit
SSB,SouthState Bank Corporation
SSBI,Summit State Bank
SSD,Simpson Manufacturing Company Inc.
SSEA,Starry Sea Acquisition Corp
SSII,SS Innovations International Inc.
SSKN,Strata Skin Sciences Inc.
SSL,Sasol Ltd.
SSM,Sono Group N.V.
SSNC,SS&C Technologies Holdings Inc.
SSP,E.W. Scripps Company (The)
SSRM,SSR Mining Inc.
SSSS,SuRo Capital Corp.
SSSSL,SuRo Capital Corp. 6.00% Notes due 2026
SST,System1 Inc.
SSTI,SoundThinking Inc.
SSTK,Shutterstock Inc.
SSYS,Stratasys Ltd. (Israel)
ST,Sensata Technologies Holding plc
STAA,STAAR Surgical Company
STAG,Stag Industrial Inc.
STAK,STAK Inc.
STBA,S&T Bancorp Inc.
STC,Stewart Information Services Corporation
STE,STERIS plc (Ireland)
STEL,Stellar Bancorp Inc.
STEM,Stem Inc.
STEP,StepStone Group Inc.
STEW,SRH Total Return Fund Inc.
STEX,Streamex Corp.
STFS,Star Fashion Culture Holdings Limited
STG,Sunlands Technology Group representing
STGW,Stagwell Inc.
STHO,Star Holdings Shares of Beneficial Interest
STI,Solidion Technology Inc.
STIM,Neuronetics Inc.
STK,Columbia Seligman Premium Technology Growth Fund Inc
STKE,Sol Strategies Inc.
STKH,Steakholder Foods Ltd.
STKL,SunOpta Inc.
STKS,The ONE Group Hospitality Inc.
STLA,Stellantis N.V.
STLD,Steel Dynamics Inc.
STM,STMicroelectronics N.V.
STN,Stantec Inc
STNE,StoneCo Ltd.
STNG,Scorpio Tankers Inc.
STOK,Stoke Therapeutics Inc.
STRA,Strategic Education Inc.
STRC,Strategy Inc Variable Rate Series A Perpetual Stretch Preferred Stock
STRD,Strategy Inc 10.00% Series A Perpetual Stride Preferred Stock
STRF,Strategy Inc 10.00% Series A Perpetual Strife Preferred Stock
STRK,Strategy Inc 8.00% Series A Perpetual Strike Preferred Stock
STRL,Sterling Infrastructure Inc.
STRO,Sutro Biopharma Inc.
STRR,Star Equity Holdings Inc.
STRRP,Star Equity Holdings Inc. 10% Series A
STRS,Stratus Properties Inc.
STRT,STRATTEC SECURITY CORPORATION
STRW,Strawberry Fields REIT Inc.
STRZ,Starz Entertainment Corp.
STSS,Sharps Technology Inc.
STSSW,Sharps Technology Inc. Warrant
STT,State Street Corporation
STT^G,State Street Corporation
STTK,Shattuck Labs Inc.
STUB,StubHub Holdings Inc.
STVN,Stevanato Group S.p.A.
STWD,STARWOOD PROPERTY TRUST INC. Starwood Property Trust Inc.
STX,Seagate Technology Holdings PLC (Ireland)
STXS,Stereotaxis Inc.
STZ,Constellation Brands Inc.
SU,Suncor Energy Inc.
SUGP,SU Group Holdings Limited
SUI,Sun Communities Inc.
SUIG,Sui Group Holdings Limited
SUN,Sunoco LP Common representing limited partner interests
SUNC,SunocoCorp LLC Common representing limited liability company interests
SUNE,SUNation Energy Inc.
SUNS,Sunrise Realty Trust Inc.
SUPN,Supernus Pharmaceuticals Inc.
SUPV,Grupo Supervielle S.A.
SUPX,SuperX AI Technology Limited
SURG,SurgePays Inc.
SUUN,PowerBank Corporation
SUZ,Suzano S.A. (
SVAC,Spring Valley Acquisition Corp. III
SVACU,Spring Valley Acquisition Corp. III Unit
SVACW,Spring Valley Acquisition Corp. III Warrant
SVAQ,Silicon Valley Acquisition Corp.
SVAQU,Silicon Valley Acquisition Corp.
SVAQW,Silicon Valley Acquisition Corp. Warrants
SVC,Service Properties Trust
SVCC,Stellar V Capital Corp.
SVCCW,Stellar V Capital Corp. Warrant
SVCO,Silvaco Group Inc.
SVIVU,Spring Valley Acquisition Corp. IV
SVM,Silvercorp Metals Inc.
SVRA,Savara Inc.
SVRE,SaverOne 2014 Ltd.
SVRN,OceanPal Inc.
SVV,Savers Value Village Inc.
SW,Smurfit WestRock plc
SWAG,Stran & Company Inc.
SWAGW,Stran & Company Inc. Warrant
SWBI,Smith & Wesson Brands Inc.
SWIM,Latham Group Inc.
SWK,Stanley Black & Decker Inc.
SWKH,SWK Holdings Corporation
SWKHL,SWK Holdings Corporation 9.00% Senior Notes due 2027
SWKS,Skyworks Solutions Inc.
SWVL,Swvl Holdings Corp
SWVLW,Swvl Holdings Corp Warrant
SWX,Southwest Gas Holdings Inc. (DE)
SWZ,Total Return Securities Fund
SXC,SunCoke Energy Inc.
SXI,Standex International Corporation
SXT,Sensient Technologies Corporation
SXTC,China SXT Pharmaceuticals Inc.
SXTP,60 Degrees Pharmaceuticals Inc.
SXTPW,60 Degrees Pharmaceuticals Inc. Warrant
SY,So-Young International Inc. American Depository Shares
SYBT,Stock Yards Bancorp Inc.
SYF,Synchrony Financial
SYF^A,Synchrony Financial
SYF^B,Synchrony Financial
SYK,Stryker Corporation
SYM,Symbotic Inc.
SYNA,Synaptics Incorporated $0.001 Par Value
SYNX,Silynxcom Ltd.
SYPR,Sypris Solutions Inc.
SYRE,Spyre Therapeutics Inc.
SYY,Sysco Corporation
SZZL,Sizzle Acquisition Corp. II
SZZLR,Sizzle Acquisition Corp. II Right
T,AT&T Inc.
T^A,AT&T Inc.
T^C,AT&T Inc.
TAC,TransAlta Corporation
TACH,Titan Acquisition Corp.
TACHU,Titan Acquisition Corp.
TACHW,Titan Acquisition Corp. Warrants
TACO,Berto Acquisition Corp.
TACOU,Berto Acquisition Corp. Unit
TACOW,Berto Acquisition Corp. Warrant
TACT,TransAct Technologies Incorporated
TAK,Takeda Pharmaceutical Company Limited (
TAL,TAL Education Group
TALK,Talkspace Inc.
TALKW,Talkspace Inc. Warrant
TALO,Talos Energy Inc.
TANH,Tantech Holdings Ltd.
TAOP,Taoping Inc.
TAOX,Tao Synergies Inc.
TAP,Molson Coors Beverage Company Class B
TARA,Protara Therapeutics Inc.
TARS,Tarsus Pharmaceuticals Inc.
TASK,TaskUs Inc.
TATT,TAT Technologies Ltd.
TAVI,Tavia Acquisition Corp.
TAVIR,Tavia Acquisition Corp. Right
TAYD,Taylor Devices Inc.
TBB,AT&T Inc. 5.350% Global Notes due 2066
TBBB,BBB Foods Inc.
TBBK,The Bancorp Inc
TBCH,Turtle Beach Corporation
TBH,Brag House Holdings Inc.
TBHC,The Brand House Collective Inc.
TBI,TrueBlue Inc.
TBLA,Taboola.com Ltd.
TBLAW,Taboola.com Ltd. Warrant
TBLD,Thornburg Income Builder Opportunities Trust
TBMC,Trailblazer Merger Corporation I
TBMCR,Trailblazer Merger Corporation I
TBN,Tamboran Resources Corporation
TBPH,Theravance Biopharma Inc.
TBRG,TruBridge Inc.
TC,Token Cat Limited
TCBI,Texas Capital Bancshares Inc.
TCBIO,Texas Capital Bancshares Inc. 5.75% Fixed Rate Non- Series B
TCBK,TriCo Bancshares
TCBS,Texas Community Bancshares Inc.
TCBX,Third Coast Bancshares Inc.
TCI,Transcontinental Realty Investors Inc.
TCMD,Tactile Systems Technology Inc.
TCOM,Trip.com Group Limited
TCPA,TransCanada PipeLines Limited 6.250% Junior Subordinated Notes due 2085
TCPC,BlackRock TCP Capital Corp.
TCRT,Alaunos Therapeutics Inc.
TCRX,TScan Therapeutics Inc.
TCX,Tucows Inc.
TD,Toronto Dominion Bank (The)
TDAC,Translational Development Acquisition Corp.
TDAY,USA TODAY Co. Inc.
TDC,Teradata Corporation
TDF,Templeton Dragon Fund Inc.
TDG,Transdigm Group Incorporated
TDIC,Dreamland Limited
TDOC,Teladoc Health Inc.
TDOG,21Shares Dogecoin ETF of Beneficial Interest
TDS,Telephone and Data Systems Inc.
TDS^U,Telephone and Data Systems Inc.
TDS^V,Telephone and Data Systems Inc.
TDTH,Trident Digital Tech Holdings Ltd American Depository Shares
TDUP,ThredUp Inc.
TDW,Tidewater Inc.
TDWD,Tailwind 2.0 Acquisition Corp.
TDWDR,Tailwind 2.0 Acquisition Corp.
TDWDU,Tailwind 2.0 Acquisition Corp. Unit
TDY,Teledyne Technologies Incorporated
TE,T1 Energy Inc.
TEAD,Teads Holding Co.
TEAM,Atlassian Corporation
TECH,Bio-Techne Corp
TECK,Teck Resources Ltd
TECTP,Tectonic Financial Inc. 9.00% Fixed-to-Floating Rate Series B Non-
TECX,Tectonic Therapeutic Inc.
TEI,Templeton Emerging Markets Income Fund Inc.
TEL,TE Connectivity plc
TELA,TELA Bio Inc.
TELO,Telomir Pharmaceuticals Inc.
TEM,Tempus AI Inc.
TEN,Tsakos Energy Navigation Ltd
TEN^E,Tsakos Energy Navigation Ltd Series E Fixed-to-Floating Rate Cumulative Redeemable Perpetual Preferred Shares par value $1.00
TEN^F,Tsakos Energy Navigation Ltd Series F Fixed-to-Floating Rate Cumulative Redeemable Perpetual Preferred Shares par value $1.00
TENB,Tenable Holdings Inc.
TENX,Tenax Therapeutics Inc.
TEO,Telecom Argentina SA
TER,Teradyne Inc.
TERN,Terns Pharmaceuticals Inc.
TEVA,Teva Pharmaceutical Industries Limited
TEX,Terex Corporation
TFC,Truist Financial Corporation
TFC^I,Truist Financial Corporation
TFC^O,Truist Financial Corporation
TFC^R,Truist Financial Corporation
TFII,TFI International Inc.
TFIN,Triumph Financial Inc.
TFIN^,Triumph Financial Inc.
TFPM,Triple Flag Precious Metals Corp.
TFSA,Terra Income Fund 6 LLC 7.00% Notes due 2026
TFSL,TFS Financial Corporation
TFX,Teleflex Incorporated
TG,Tredegar Corporation
TGB,Taseko Mines Ltd.
TGE,The Generation Essentials Group
TGEN,Tecogen Inc.
TGHL,The GrowHub Limited
TGL,Treasure Global Inc.
TGLS,Tecnoglass Inc.
TGNA,TEGNA Inc
TGS,Transportadora de Gas del Sur SA TGS
TGT,Target Corporation
TGTX,TG Therapeutics Inc.
TH,Target Hospitality Corp.
THAR,Tharimmune Inc.
THC,Tenet Healthcare Corporation
THCH,TH International Limited
THFF,First Financial Corporation
THG,Hanover Insurance Group Inc
THH,TryHard Holdings Limited
THM,International Tower Hill Mines Ltd. (Canada)
THO,Thor Industries Inc.
THQ,abrdn Healthcare Opportunities Fund Shares of Beneficial Interest
THR,Thermon Group Holdings Inc.
THRM,Gentherm Inc
THRY,Thryv Holdings Inc.
THW,abrdn World Healthcare Fund Shares of Beneficial Interest
TIC,TIC Solutions Inc.
TIGO,Millicom International Cellular S.A.
TIGR,UP Fintech Holding Ltd American Depositary Share representing fifteen
TII,Titan Mining Corporation
TIL,Instil Bio Inc.
TILE,Interface Inc.
TIMB,TIM S.A. (
TIPT,Tiptree Inc.
TIRX,TIAN RUIXIANG Holdings Ltd
TISI,Team Inc.
TITN,Titan Machinery Inc.
TIVC,Tivic Health Systems Inc.
TJGC,TJGC Group Limited
TJX,TJX Companies Inc. (The)
TK,Teekay Corporation Ltd.
TKC,Turkcell Iletisim Hizmetleri AS
TKLF,Tokyo Lifestyle Co. Ltd.
TKNO,Alpha Teknova Inc.
TKO,TKO Group Holdings Inc.
TKR,Timken Company (The)
TLF,Tandy Leather Factory Inc.
TLIH,Ten-League International Holdings Limited
TLK,PT Telekomunikasi Indonesia Tbk
TLN,Talen Energy Corporation
TLNC,Talon Capital Corp.
TLNCU,Talon Capital Corp.
TLNCW,Talon Capital Corp. Warrants
TLPH,Talphera Inc.
TLRY,Tilray Brands Inc.
TLS,Telos Corporation
TLSA,Tiziana Life Sciences Ltd.
TLSI,TriSalus Life Sciences Inc.
TLSIW,TriSalus Life Sciences Inc. Warrant
TLX,Telix Pharmaceuticals Limited
TLYS,Tilly's Inc.
TM,Toyota Motor Corporation
TMC,TMC the metals company Inc.
TMCI,Treace Medical Concepts Inc.
TMCWW,TMC the metals company Inc. Warrants
TMDE,TMD Energy Limited
TMDX,TransMedics Group Inc.
TME,Tencent Music Entertainment Group
TMHC,Taylor Morrison Home Corporation
TMO,Thermo Fisher Scientific Inc
TMP,Tompkins Financial Corporation
TMQ,Trilogy Metals Inc.
TMTSU,Spartacus Acquisition Corp. II Unit
TMUS,T-Mobile US Inc.
TMUSI,T-Mobile US Inc. 5.500% Senior Notes due June 2070
TMUSL,T-Mobile US Inc. 6.250% Senior Notes due 2069
TMUSZ,T-Mobile US Inc. 5.500% Senior Notes due March 2070
TNC,Tennant Company
TNDM,Tandem Diabetes Care Inc.
TNET,TriNet Group Inc.
TNGX,Tango Therapeutics Inc.
TNK,Teekay Tankers Ltd.
TNL,Travel Leisure Co. Common Stock
TNMG,TNL Mediagene
TNON,Tenon Medical Inc.
TNONW,Tenon Medical Inc. Warrant
TNXP,Tonix Pharmaceuticals Holding Corp.
TNYA,Tenaya Therapeutics Inc.
TOI,The Oncology Institute Inc.
TOIIW,The Oncology Institute Inc. Warrant
TOL,Toll Brothers Inc.
TOMZ,TOMI Environmental Solutions Inc.
TONX,TON Strategy Company
TOON,Kartoon Studios Inc.
TOP,TOP Financial Group Limited
TOPP,Toppoint Holdings Inc.
TOPS,TOP Ships Inc.
TORO,Toro Corp.
TOST,Toast Inc.
TOUR,Tuniu Corporation
TOVX,Theriva Biologics Inc.
TOWN,TowneBank
TOYO,TOYO Co. Ltd
TPB,Turning Point Brands Inc.
TPC,Tutor Perini Corporation
TPCS,TechPrecision Corporation
TPET,Trio Petroleum Corp.
TPG,TPG Inc.
TPGXL,TPG Operating Group II L.P. 6.950% Fixed-Rate Junior Subordinated Notes due 2064
TPH,Tri Pointe Homes Inc.
TPL,Texas Pacific Land Corporation
TPR,Tapestry Inc.
TPST,Tempest Therapeutics Inc.
TPTA,Terra Property Trust Inc. 6.00% Notes due 2026
TPVG,TriplePoint Venture Growth BDC Corp.
TR,Tootsie Roll Industries Inc.
TRAK,ReposiTrak Inc.
TRAW,Traws Pharma Inc.
TRC,Tejon Ranch Co
TRDA,Entrada Therapeutics Inc.
TREE,LendingTree Inc.
TREX,Trex Company Inc.
TRGP,Targa Resources Inc.
TRI,Thomson Reuters Corporation
TRIB,Trinity Biotech plc
TRIN,Trinity Capital Inc.
TRINI,Trinity Capital Inc. 7.875% Notes Due 2029
TRINZ,Trinity Capital Inc. 7.875% Notes due 2029
TRIP,TripAdvisor Inc.
TRMB,Trimble Inc.
TRMD,TORM plc
TRMK,Trustmark Corporation
TRN,Trinity Industries Inc.
TRNO,Terreno Realty Corporation
TRNR,Interactive Strength Inc.
TRNS,Transcat Inc.
TRON,Tron Inc.
TROO,TROOPS Inc.
TROW,T. Rowe Price Group Inc.
TROX,Tronox Holdings plc (UK)
TRP,TC Energy Corporation
TRS,TriMas Corporation
TRSG,Tungray Technologies Inc
TRST,TrustCo Bank Corp NY
TRT,Trio-Tech International
TRTN^A,Triton International Limited 8.50% Series A Cumulative Redeemable Perpetual Preference Shares
TRTN^B,Triton International Limited 8.00% Series B Cumulative Redeemable Perpetual Preference Shares
TRTN^C,Triton International Limited 7.375% Series C Cumulative Redeemable Perpetual Preference Shares
TRTN^D,Triton International Limited 6.875% Series D Cumulative Redeemable Perpetual Preference Shares
TRTN^E,Triton International Limited 5.75% Series E Cumulative Redeemable Perpetual Preference Shares
TRTN^F,Triton International Limited 7.625% Series F Cumulative Redeemable Perpetual Preference Shares
TRTN^G,Triton International Limited 7.500% Series G Cumulative Redeemable Perpetual Preference Shares
TRTX,TPG RE Finance Trust Inc.
TRTX^C,TPG RE Finance Trust Inc. 6.25% Series C Cumulative Redeemable Preferred Stock $0.001 par value per share
TRU,TransUnion
TRUG,TruGolf Holdings Inc.
TRUP,Trupanion Inc.
TRV,The Travelers Companies Inc.
TRVG,trivago N.V.
TRVI,Trevi Therapeutics Inc.
TRX,TRX Gold Corporation
TS,Tenaris S.A.
TSAT,Telesat Corporation and Class B Variable Voting Shares
TSBK,Timberland Bancorp Inc.
TSCO,Tractor Supply Company
TSE,Trinseo PLC
TSEM,Tower Semiconductor Ltd.
TSHA,Taysha Gene Therapies Inc.
TSI,TCW Strategic Income Fund Inc.
TSLA,Tesla Inc.
TSLX,Sixth Street Specialty Lending Inc.
TSM,Taiwan Semiconductor Manufacturing Company Ltd.
TSN,Tyson Foods Inc.
TSOL,21Shares Solana ETF Shares of Beneficial Interest
TSQ,Townsquare Media Inc.
TSSI,TSS Inc.
TT,Trane Technologies plc
TTAM,Titan America SA
TTAN,ServiceTitan Inc.
TTC,Toro Company (The)
TTD,The Trade Desk Inc.
TTE,TotalEnergies SE
TTEC,TTEC Holdings Inc.
TTEK,Tetra Tech Inc.
TTGT,TechTarget Inc.
TTI,Tetra Technologies Inc.
TTMI,TTM Technologies Inc.
TTRX,Turn Therapeutics Inc.
TTWO,Take-Two Interactive Software Inc.
TU,Telus Corporation
TULP,Bloomia Holdings Inc.
TURB,Turbo Energy S.A.
TUSK,Mammoth Energy Services Inc.
TUYA,Tuya Inc.
TV,Grupo Televisa S.A.B.
TVA,Texas Ventures Acquisition III Corp
TVACU,Texas Ventures Acquisition III Corp Unit
TVACW,Texas Ventures Acquisition III Corp Warrants
TVAI,Thayer Ventures Acquisition Corporation II
TVAIR,Thayer Ventures Acquisition Corporation II
TVAIU,Thayer Ventures Acquisition Corporation II Unit
TVC,Tennessee Valley Authority
TVE,Tennessee Valley Authority
TVGN,Tevogen Bio Holdings Inc.
TVGNW,Tevogen Bio Holdings Inc. Warrant
TVRD,Tvardi Therapeutics Inc.
TVTX,Travere Therapeutics Inc.
TW,Tradeweb Markets Inc.
TWAV,TaoWeave Inc.
TWFG,TWFG Inc.
TWG,Top Wealth Group Holding Limited
TWI,Titan International Inc. (DE)
TWIN,Twin Disc Incorporated
TWLO,Twilio Inc.
TWLV,Twelve Seas Investment Company III
TWLVR,Twelve Seas Investment Company III
TWLVU,Twelve Seas Investment Company III
TWN,Taiwan Fund Inc. (The)
TWO,Two Harbors Investment Corp
TWO^A,Two Harbors Investments Corp 8.125% Series A Fixed-to-Floating Rate Cumulative Redeemable Preferred Stock ($25.00 liquidation preference per share)
TWO^B,Two Harbors Investments Corp 7.625% Series B Fixed-to-Floating Rate Cumulative Redeemable Preferred Stock
TWO^C,Two Harbors Investments Corp 7.25% Series C Fixed-to-Floating Rate Cumulative Redeemable Preferred Stock
TWOD,Two Harbors Investments Corp 9.375% Senior Notes due 2030
TWST,Twist Bioscience Corporation
TX,Ternium S.A. Ternium S.A. (
TXG,10x Genomics Inc.
TXMD,TherapeuticsMD Inc.
TXN,Texas Instruments Incorporated
TXNM,TXNM Energy Inc.
TXO,TXO Partners L.P. Common Representing Limited Partner Interests
TXRH,Texas Roadhouse Inc.
TXT,Textron Inc.
TY,Tri Continental Corporation
TY^,Tri Continental Corporation Preferred Stock
TYG,Tortoise Energy Infrastructure Corporation
TYGO,Tigo Energy Inc.
TYL,Tyler Technologies Inc.
TYRA,Tyra Biosciences Inc.
TZOO,Travelzoo
U,Unity Software Inc.
UA,Under Armour Inc. Class C
UAA,Under Armour Inc.
UAL,United Airlines Holdings Inc.
UAMY,United States Antimony Corporation
UAN,CVR Partners LP Common representing Limited Partner Interests
UAVS,AgEagle Aerial Systems Inc.
UBCP,United Bancorp Inc.
UBER,Uber Technologies Inc.
UBFO,United Security Bancshares
UBS,UBS Group AG Registered
UBSI,United Bankshares Inc.
UBXG,U-BX Technology Ltd.
UCAR,U Power Limited
UCB,United Community Banks Inc.
UCL,uCloudlink Group Inc.
UCTT,Ultra Clean Holdings Inc.
UDMY,Udemy Inc.
UDR,UDR Inc.
UE,Urban Edge Properties of Beneficial Interest
UEC,Uranium Energy Corp.
UEIC,Universal Electronics Inc.
UFCS,United Fire Group Inc.
UFG,Uni-Fuels Holdings Limited
UFI,Unifi Inc. New
UFPI,UFP Industries Inc.
UFPT,UFP Technologies Inc.
UG,United-Guardian Inc.
UGI,UGI Corporation
UGP,Ultrapar Participacoes S.A. (New) (
UGRO,urban-gro Inc.
UHAL,U-Haul Holding Company
UHG,United Homes Group Inc
UHGWW,United Homes Group Inc. Warrant
UHS,Universal Health Services Inc.
UHT,Universal Health Realty Income Trust
UI,Ubiquiti Inc.
UIS,Unisys Corporation New
UK,Ucommune International Ltd
UL,Unilever PLC (
ULBI,Ultralife Corporation
ULCC,Frontier Group Holdings Inc.
ULH,Universal Logistics Holdings Inc.
ULS,UL Solutions Inc.
ULTA,Ulta Beauty Inc.
ULY,Urgent.ly Inc.
UMAC,Unusual Machines Inc.
UMBF,UMB Financial Corporation
UMBFO,UMB Financial Corporation
UMC,United Microelectronics Corporation (NEW)
UMH,UMH Properties Inc.
UMH^D,UMH Properties Inc. 6.375% Series D Cumulative Redeemable Preferred Stock Liquidation Preference $25 per share
UNB,Union Bankshares Inc.
UNCY,Unicycive Therapeutics Inc.
UNF,Unifirst Corporation
UNFI,United Natural Foods Inc.
UNH,UnitedHealth Group Incorporated (DE)
UNIT,Uniti Group Inc.
UNM,Unum Group
UNMA,Unum Group 6.250% Junior Subordinated Notes due 2058
UNP,Union Pacific Corporation
UNTY,Unity Bancorp Inc.
UOKA,MDJM LTD
UONE,Urban One Inc.
UONEK,Urban One Inc. Class D
UP,Wheels Up Experience Inc.
UPB,Upstream Bio Inc.
UPBD,Upbound Group Inc.
UPC,Universe Pharmaceuticals Inc.
UPLD,Upland Software Inc.
UPS,United Parcel Service Inc.
UPST,Upstart Holdings Inc.
UPWK,Upwork Inc.
UPXI,Upexi Inc.
URBN,Urban Outfitters Inc.
URG,Ur Energy Inc (Canada)
URGN,UroGen Pharma Ltd.
URI,United Rentals Inc.
UROY,Uranium Royalty Corp.
USA,Liberty All-Star Equity Fund
USAC,USA Compression Partners LP Common Representing Limited Partner Interests
USAR,USA Rare Earth Inc.
USAS,Americas Gold and Silver Corporation no par value
USAU,U.S. Gold Corp.
USB,U.S. Bancorp
USB^A,U.S. Bancorp
USB^H,U.S. Bancorp repstg 1/1000th Pfd Ser B
USB^P,U.S. Bancorp
USB^Q,U.S. Bancorp
USB^R,U.S. Bancorp
USB^S,U.S. Bancorp
USBC,USBC Inc.
USCB,USCB Financial Holdings Inc.
USEA,United Maritime Corporation
USEG,U.S. Energy Corp. (DE)
USFD,US Foods Holding Corp.
USGO,U.S. GoldMining Inc.
USGOW,U.S. GoldMining Inc. Warrant
USIO,Usio Inc.
USLM,United States Lime & Minerals Inc.
USNA,USANA Health Sciences Inc.
USPH,U.S. Physical Therapy Inc.
UTF,Cohen & Steers Infrastructure Fund Inc
UTG,Reaves Utility Income Fund of Beneficial Interest
UTHR,United Therapeutics Corporation
UTI,Universal Technical Institute Inc
UTL,UNITIL Corporation
UTMD,Utah Medical Products Inc.
UTSI,UTStarcom Holdings Corp.
UTZ,Utz Brands Inc
UUU,Universal Safety Products Inc.
UUUU,Energy Fuels Inc (Canada)
UVE,UNIVERSAL INSURANCE HOLDINGS INC
UVSP,Univest Financial Corporation
UVV,Universal Corporation
UWMC,UWM Holdings Corporation
UXIN,Uxin Limited
UYSC,UY Scuti Acquisition Corp.
UYSCR,UY Scuti Acquisition Corp.
UZD,Array Digital Infrastructure Inc. 6.250% Senior Notes due 2069
UZE,Array Digital Infrastructure Inc. 5.500% Senior Notes due 2070
UZF,Array Digital Infrastructure Inc. 5.500% Senior Notes due 2070
V,Visa Inc.
VABK,Virginia National Bankshares Corporation
VAC,Marriott Vacations Worldwide Corporation
VACH,Voyager Acquisition Corp
VACHW,Voyager Acquisition Corp Warrants
VACI,Viking Acquisition Corp. I
VAL,Valaris Limited
VALE,VALE S.A.
VALN,Valneva SE
VALU,Value Line Inc.
VANI,Vivani Medical Inc. (DE)
VATE,INNOVATE Corp.
VAVX,VanEck Avalanche ETF of Beneficial Interest
VBF,Invesco Bond Fund
VBIX,Viewbix Inc.
VBNK,VersaBank
VC,Visteon Corporation
VCEL,Vericel Corporation
VCIC,Vine Hill Capital Investment Corp.
VCICW,Vine Hill Capital Investment Corp. Warrant
VCIG,VCI Global Limited
VCTR,Victory Capital Holdings Inc.
VCV,Invesco California Value Municipal Income Trust
VCYT,Veracyte Inc.
VECO,Veeco Instruments Inc.
VEEA,Veea Inc.
VEEAW,Veea Inc. Warrant
VEEE,Twin Vee PowerCats Co.
VEEV,Veeva Systems Inc.
VEL,Velocity Financial Inc.
VELO,Velo3D Inc.
VENU,Venu Holding Corporation
VEON,VEON Ltd.
VERA,Vera Therapeutics Inc.
VERI,Veritone Inc.
VERU,Veru Inc.
VERX,Vertex Inc.
VET,Vermilion Energy Inc. Common (Canada)
VFC,V.F. Corporation
VFF,Village Farms International Inc.
VFL,abrdn National Municipal Income Fund
VFS,VinFast Auto Ltd.
VFSWW,VinFast Auto Ltd. Warrant
VG,Venture Global Inc.
VGAS,Verde Clean Fuels Inc.
VGASW,Verde Clean Fuels Inc. Warrant
VGI,Virtus Global Multi-Sector Income Fund of Beneficial Interest
VGM,Invesco Trust for Investment Grade Municipals (DE)
VGZ,Vista Gold Corp
VHC,VirnetX Holding Corp
VHCP,Vine Hill Capital Investment Corp. II
VHCPU,Vine Hill Capital Investment Corp. II
VHCPW,Vine Hill Capital Investment Corp. II Warrants
VHI,Valhi Inc.
VHUB,VenHub Global Inc.
VIA,Via Transportation Inc.
VIASP,Via Renewables Inc. 8.75% Series A Fixed-to-Floating Rate Cumulative Redeemable Perpetual Preferred Stock
VIAV,Viavi Solutions Inc.
VICI,VICI Properties Inc.
VICR,Vicor Corporation
VIK,Viking Holdings Ltd
VINP,Vinci Compass Investments Ltd.
VIOT,Viomi Technology Co. Ltd
VIPS,Vipshop Holdings Limited
VIR,Vir Biotechnology Inc.
VIRC,Virco Manufacturing Corporation
VIRT,Virtu Financial Inc.
VISN,Vistance Networks Inc.
VIST,Vista Energy S.A.B. de C.V.
VITL,Vital Farms Inc.
VIV,Telefonica Brasil S.A. (
VIVS,VivoSim Labs Inc.
VKI,Invesco Advantage Municipal Income Trust II of Beneficial Interest (DE)
VKQ,Invesco Municipal Trust
VKTX,Viking Therapeutics Inc.
VLGEA,Village Super Market Inc.
VLN,Valens Semiconductor Ltd.
VLO,Valero Energy Corporation
VLRS,Controladora Vuela Compania de Aviacion S.A.B. de C.V.
VLT,Invesco High Income Trust II
VLTO,Veralto Corp
VLY,Valley National Bancorp
VLYPN,Valley National Bancorp 8.250% Fixed-Rate Reset Non- Series C
VLYPO,Valley National Bancorp 5.50% Fixed-to-Floating Rate Non- Series B
VLYPP,Valley National Bancorp 6.25% Fixed-to-Floating Rate Non- Series A
VMAR,Vision Marine Technologies Inc.
VMC,Vulcan Materials Company (Holding Company)
VMD,Viemed Healthcare Inc.
VMI,Valmont Industries Inc.
VMO,Invesco Municipal Opportunity Trust
VNCE,Vince Holding Corp.
VNDA,Vanda Pharmaceuticals Inc.
VNET,VNET Group Inc.
VNME,Vendome Acquisition Corporation I
VNMEU,Vendome Acquisition Corporation I Unit
VNMEW,Vendome Acquisition Corporation I Warrant
VNO,Vornado Realty Trust
VNO^L,Vornado Realty Trust Pfd Ser L %
VNO^M,Vornado Realty Trust 5.25% Series M Cumulative Redeemable Preferred Shares of Beneficial Interest liquidation preference $25.00 per share no par value per share
VNO^N,Vornado Realty Trust 5.25% Series N Cumulative Redeemable Preferred Shares of Beneficial Interest liquidation preference $25.00 per share
VNO^O,Vornado Realty Trust 4.45% Series O Cumulative Redeemable Preferred Shares Liquidation Preference $25.00 Per Share
VNOM,Viper Energy Inc.
VNRX,VolitionRX Limited
VNT,Vontier Corporation
VNTG,Vantage Corp
VOC,VOC Energy Trust of Beneficial Interest
VOD,Vodafone Group Plc
VOR,Vor Biopharma Inc.
VOXR,Vox Royalty Corp.
VOYA,Voya Financial Inc.
VOYA^B,Voya Financial Inc.
VOYG,Voyager Technologies Inc.
VPG,Vishay Precision Group Inc.
VPV,Invesco Pennsylvania Value Municipal Income Trust (DE)
VRA,Vera Bradley Inc.
VRAR,The Glimpse Group Inc.
VRAX,Virax Biolabs Group Limited
VRCA,Verrica Pharmaceuticals Inc.
VRDN,Viridian Therapeutics Inc.
VRE,Veris Residential Inc.
VREX,Varex Imaging Corporation
VRM,Vroom Inc.
VRME,VerifyMe Inc.
VRNS,Varonis Systems Inc.
VRRM,Verra Mobility Corporation
VRSK,Verisk Analytics Inc.
VRSN,VeriSign Inc.
VRT,Vertiv Holdings LLC
VRTS,Virtus Investment Partners Inc.
VRTX,Vertex Pharmaceuticals Incorporated
VS,Versus Systems Inc.
VSA,VisionSys AI Inc.
VSAT,ViaSat Inc.
VSCO,Victorias Secret & Co.
VSEC,VSE Corporation
VSECU,VSE Corporation Tangible Equity
VSEE,VSee Health Inc.
VSEEW,VSee Health Inc. Warrant
VSH,Vishay Intertechnology Inc.
VSME,VS Media Holdings Limited
VSNT,Versant Media Group Inc.
VST,Vistra Corp.
VSTD,Vestand Inc.
VSTM,Verastem Inc.
VSTS,Vestis Corporation
VTAK,Catheter Precision Inc.
VTEX,VTEX
VTGN,Vistagen Therapeutics Inc.
VTIX,Virtuix Holdings Inc.
VTMX,Corporacion Inmobiliaria Vesta S.A.B de C.V.
VTN,Invesco Trust for Investment Grade New York Municipals
VTOL,Bristow Group Inc.
VTR,Ventas Inc.
VTRS,Viatris Inc.
VTS,Vitesse Energy Inc.
VTSI,VirTra Inc.
VTVT,vTv Therapeutics Inc.
VTYX,Ventyx Biosciences Inc.
VUZI,Vuzix Corporation
VVOS,Vivos Therapeutics Inc.
VVPR,VivoPower International PLC
VVR,Invesco Senior Income Trust (DE)
VVV,Valvoline Inc.
VVX,V2X Inc.
VWAV,VisionWave Holdings Inc.
VWAVW,VisionWave Holdings Inc. Warrant
VYGR,Voyager Therapeutics Inc.
VYNE,VYNE Therapeutics Inc.
VYX,NCR Voyix Corporation
VZ,Verizon Communications Inc.
VZLA,Vizsla Silver Corp.
W,Wayfair Inc.
WAB,Westinghouse Air Brake Technologies Corporation
WABC,Westamerica Bancorporation
WAFD,WaFd Inc.
WAFDP,WaFd Inc.
WAFU,Wah Fu Education Group Limited
WAI,Top KingWin Ltd
WAL,Western Alliance Bancorporation (DE)
WAL^A,Western Alliance Bancorporation
WALD,Waldencast plc
WALDW,Waldencast plc Warrant
WASH,Washington Trust Bancorp Inc.
WAT,Waters Corporation
WATT,Energous Corporation
WAVE,Eco Wave Power Global AB (publ)
WAY,Waystar Holding Corp.
WB,Weibo Corporation American Depositary Share
WBD,Warner Bros. Discovery Inc. Series A
WBI,WaterBridge Infrastructure LLC Shares Representing Limited Liability Company Interests
WBS,Webster Financial Corporation
WBS^F,Webster Financial Corporation
WBS^G,Webster Financial Corporation
WBTN,WEBTOON Entertainment Inc.
WBUY,WEBUY GLOBAL LTD.
WBX,Wallbox N.V.
WCC,WESCO International Inc.
WCN,Waste Connections Inc.
WCT,Wellchange Holdings Company Limited
WD,Walker & Dunlop Inc
WDAY,Workday Inc.
WDC,Western Digital Corporation
WDFC,WD-40 Company
WDH,Waterdrop Inc. (
WDI,Western Asset Diversified Income Fund of Beneficial Interest
WDS,Woodside Energy Group Limited
WEA,Western Asset Bond Fund Share of Beneficial Interest
WEAV,Weave Communications Inc.
WEC,WEC Energy Group Inc.
WELL,Welltower Inc.
WEN,Wendy's Company (The)
WENN,Wen Acquisition Corp
WENNU,Wen Acquisition Corp Unit
WENNW,Wen Acquisition Corp Warrant
WERN,Werner Enterprises Inc.
WES,Western Midstream Partners LP Common Representing Limited Partner Interests
WEST,Westrock Coffee Company
WETH,Wetouch Technology Inc.
WETO,Webus International Limited
WEX,WEX Inc.
WEYS,Weyco Group Inc.
WF,Woori Financial Group Inc. (
WFC,Wells Fargo & Company
WFC^A,Wells Fargo & Company
WFC^C,Wells Fargo & Company
WFC^D,Wells Fargo & Company
WFC^L,Wells Fargo & Company 7.50% Non-Cumulative Perpetual Convertible Preferred Stock Series L
WFC^Y,Wells Fargo & Company
WFC^Z,Wells Fargo & Company
WFCF,Where Food Comes From Inc.
WFF,WF Holding Limited
WFG,West Fraser Timber Co. Ltd
WFRD,Weatherford International plc
WGO,Winnebago Industries Inc.
WGRX,Wellgistics Health Inc.
WGS,GeneDx Holdings Corp.
WGSWW,GeneDx Holdings Corp. Warrant
WH,Wyndham Hotels & Resorts Inc.
WHD,Cactus Inc.
WHF,WhiteHorse Finance Inc.
WHFCL,WhiteHorse Finance Inc. 7.875% Notes due 2028
WHG,Westwood Holdings Group Inc
WHLR,Wheeler Real Estate Investment Trust Inc.
WHLRD,Wheeler Real Estate Investment Trust Inc. Series D Cumulative Preferred Stock
WHLRL,Wheeler Real Estate Investment Trust Inc. 7.00% Senior Subordinated Convertible Notes Due 2031
WHLRP,Wheeler Real Estate Investment Trust Inc. Class B Preferred Stock
WHR,Whirlpool Corporation
WHWK,Whitehawk Therapeutics Inc.
WIA,Western Asset Inflation-Linked Income Fund
WILC,G. Willi-Food International Ltd.
WIMI,WiMi Hologram Cloud Inc. Class B
WINA,Winmark Corporation
WING,Wingstop Inc.
WIT,Wipro Limited
WIW,Western Asset Inflation-Linked Opportunities & Income Fund
WIX,Wix.com Ltd.
WK,Workiva Inc.
WKC,World Kinect Corporation
WKEY,WISeKey International Holding Ltd
WKHS,Workhorse Group Inc.
WKSP,Worksport Ltd.
WLAC,Willow Lane Acquisition Corp.
WLACU,Willow Lane Acquisition Corp. Unit
WLACW,Willow Lane Acquisition Corp. Warrants
WLDN,Willdan Group Inc.
WLDS,Wearable Devices Ltd.
WLDSW,Wearable Devices Ltd. Warrant
WLFC,Willis Lease Finance Corporation
WLIIU,Willow Lane Acquisition Corp. II Unit
WLK,Westlake Corporation
WLKP,Westlake Chemical Partners LP Common representing limited partner interests
WLTH,Wealthfront Corporation
WLY,John Wiley & Sons Inc.
WLYB,John Wiley & Sons Inc.
WM,Waste Management Inc.
WMB,Williams Companies Inc. (The)
WMG,Warner Music Group Corp.
WMK,Weis Markets Inc.
WMS,Advanced Drainage Systems Inc.
WMT,Walmart Inc.
WNC,Wabash National Corporation
WNEB,Western New England Bancorp Inc.
WNW,Meiwu Technology Company Limited
WOK,WORK Medical Technology Group LTD
WOLF,Wolfspeed Inc. New
WOOF,Petco Health and Wellness Company Inc.
WOR,Worthington Enterprises Inc.
WORX,SCWorx Corp.
WPC,W. P. Carey Inc. REIT
WPM,Wheaton Precious Metals Corp (Canada)
WPP,WPP plc
WPRT,Westport Fuel Systems Inc
WRAP,Wrap Technologies Inc.
WRB,W.R. Berkley Corporation
WRB^E,W.R. Berkley Corporation 5.70% Subordinated Debentures due 2058
WRB^F,W.R. Berkley Corporation 5.10% Subordinated Debentures due 2059
WRB^G,W.R. Berkley Corporation 4.25% Subordinated Debentures due 2060
WRB^H,W.R. Berkley Corporation 4.125% Subordinated Debentures due 2061
WRBY,Warby Parker Inc.
WRD,WeRide Inc.
WRLD,World Acceptance Corporation
WRN,Western Copper and Gold Corporation
WS,Worthington Steel Inc.
WSBC,WesBanco Inc.
WSBCO,WesBanco Inc.
WSBF,Waterstone Financial Inc. (MD)
WSBK,Winchester Bancorp Inc.
WSC,WillScot Holdings Corporation
WSFS,WSFS Financial Corporation
WSHP,WeShop Holdings Limited
WSM,Williams-Sonoma Inc. (DE)
WSO,Watsco Inc.
WSO/B,Watsco Inc.
WSR,Whitestone REIT
WST,West Pharmaceutical Services Inc.
WSTN,Westin Acquisition Corp
WSTNU,Westin Acquisition Corp
WT,WisdomTree Inc.
WTBA,West Bancorporation
WTF,Waton Financial Limited
WTFC,Wintrust Financial Corporation
WTFCN,Wintrust Financial Corporation
WTG,Wintergreen Acquisition Corp.
WTI,W&T Offshore Inc.
WTM,White Mountains Insurance Group Ltd.
WTO,UTime Limited
WTRG,Essential Utilities Inc.
WTS,Watts Water Technologies Inc.
WTTR,Select Water Solutions Inc.
WTW,Willis Towers Watson Public Limited Company
WU,Western Union Company (The)
WULF,TeraWulf Inc.
WVE,Wave Life Sciences Ltd.
WVVI,Willamette Valley Vineyards Inc.
WVVIP,Willamette Valley Vineyards Inc.
WW,WW International Inc.
WWD,Woodward Inc.
WWR,Westwater Resources Inc.
WWW,Wolverine World Wide Inc.
WXM,WF International Limited
WY,Weyerhaeuser Company
WYFI,WhiteFiber Inc.
WYHG,Wing Yip Food Holdings Group Limited
WYNN,Wynn Resorts Limited
WYY,WidePoint Corporation
XAIR,Beyond Air Inc.
XBIO,Xenetic Biosciences Inc.
XBIT,XBiotech Inc.
XBP,XBP Global Holdings Inc.
XBPEW,XBP Europe Holdings Inc. Warrant
XCBEU,X3 Acquisition Corp. Ltd. Unit
XCH,XCHG Limited American Depositary Share
XCUR,Exicure Inc.
XEL,Xcel Energy Inc.
XELB,Xcel Brands Inc.
XELLL,Xcel Energy Inc. 6.25% Junior Subordinated Notes Series due 2085
XENE,Xenon Pharmaceuticals Inc.
XERS,Xeris Biopharma Holdings Inc.
XFLT,XAI Octagon Floating Rate & Alternative Income Trust of Beneficial Interest
XFOR,X4 Pharmaceuticals Inc.
XGN,Exagen Inc.
XHG,XChange TEC.INC
XHLD,TEN Holdings Inc.
XHR,Xenia Hotels & Resorts Inc.
XIFR,XPLR Infrastructure LP Common representing limited partner interests
XLO,Xilio Therapeutics Inc.
XMTR,Xometry Inc.
XNCR,Xencor Inc.
XNET,Xunlei Limited
XOM,Exxon Mobil Corporation
XOMA,XOMA Royalty Corporation
XOMAO,XOMA Royalty Corporation Rep Series B 8.375% Cumulative Preferred Stock
XOMAP,XOMA Royalty Corporation 8.625% Series A
XOS,Xos Inc.
XOSWW,Xos Inc. Warrants
XP,XP Inc.
XPEL,XPEL Inc.
XPER,Xperi Inc.
XPEV,XPeng Inc.
XPL,Solitario Resources Corp.
XPO,XPO Inc.
XPOF,Xponential Fitness Inc.
XPON,Expion360 Inc.
XPRO,Expro Group Holdings N.V.
XRAY,DENTSPLY SIRONA Inc.
XRPN,Armada Acquisition Corp. II
XRPNU,Armada Acquisition Corp. II
XRPNW,Armada Acquisition Corp. II Warrant
XRTX,XORTX Therapeutics Inc.
XRX,Xerox Holdings Corporation
XRXDW,Xerox Holdings Corporation Warrants
XSLLU,Xsolla SPAC 1
XTIA,XTI Aerospace Inc.
XTKG,X3 Holdings Co. Ltd.
XTLB,XTL Biopharmaceuticals Ltd.
XTNT,Xtant Medical Holdings Inc.
XWEL,XWELL Inc.
XWIN,XMAX Inc.
XXI,Twenty One Capital Inc.
XXII,22nd Century Group Inc.
XYF,X Financial
XYL,Xylem Inc. New
XYZ,Block Inc.
XZO,Exzeo Group Inc.
YAAS,Youxin Technology Ltd
YALA,Yalla Group Limited
YB,Yuanbao Inc.
YCBD,cbdMD Inc.
YCY,AA Mission Acquisition Corp. II
YDDL,One and One Green Technologies. Inc
YDES,YD Bio Limited
YDESW,YD Bio Limited Warrants
YDKG,Yueda Digital Holding
YELP,Yelp Inc.
YETI,YETI Holdings Inc.
YEXT,Yext Inc.
YHC,LQR House Inc.
YHGJ,Yunhong Green CTI Ltd.
YHNA,YHN Acquisition I Limited
YHNAR,YHN Acquisition I Limited Right
YI,111 Inc.
YIBO,Planet Image International Limited
YJ,Yunji Inc. American Depository Shares
YMAT,J-Star Holding Co. Ltd.
YMM,Full Truck Alliance Co. Ltd. (
YMT,Yimutian Inc.
YORW,York Water Company (The)
YOU,Clear Secure Inc.
YOUL,Youlife Group Inc.
YPF,YPF Sociedad Anonima
YQ,17 Education & Technology Group Inc.
YRD,Yiren Digital Ltd.
YSG,Yatsen Holding Limited
YSS,York Space Systems Inc.
YSXT,YSX Tech. Co. Ltd
YTRA,Yatra Online Inc.
YUM,Yum! Brands Inc.
YUMC,Yum China Holdings Inc.
YXT,YXT.COM GROUP HOLDING LIMITED American Depository Shares
YYAI,AiRWA Inc.
YYGH,YY Group Holding Limited
Z,Zillow Group Inc. Class C Capital Stock
ZBAI,ATIF Holdings Limited
ZBAO,Zhibao Technology Inc.
ZBH,Zimmer Biomet Holdings Inc.
ZBIO,Zenas BioPharma Inc.
ZBRA,Zebra Technologies Corporation
ZCMD,Zhongchao Inc.
ZD,Ziff Davis Inc.
ZDAI,DirectBooking Technology Co. Ltd.
ZDGE,Zedge Inc. Class B
ZENA,ZenaTech Inc.
ZENV,Zenvia Inc.
ZEO,Zeo Energy Corporation
ZEOWW,Zeo Energy Corporation Warrants
ZEPP,Zepp Health Corporation
ZETA,Zeta Global Holdings Corp.
ZEUS,Olympic Steel Inc.
ZG,Zillow Group Inc.
ZGM,Zenta Group Company Limited
ZGN,Ermenegildo Zegna N.V.
ZH,Zhihu Inc.
ZIM,ZIM Integrated Shipping Services Ltd.
ZION,Zions Bancorporation N.A.
ZIONP,Zions Bancorporation N.A. (
ZIP,ZipRecruiter Inc.
ZJK,ZJK Industrial Co. Ltd.
ZJYL,JIN MEDICAL INTERNATIONAL LTD.
ZKH,ZKH Group Limited
ZKIN,ZK International Group Co. Ltd
ZKP,Lafayette Digital Acquisition Corp. I
ZKPU,Lafayette Digital Acquisition Corp. I Unit
ZKPW,Lafayette Digital Acquisition Corp. I Warrant
ZLAB,Zai Lab Limited
ZM,Zoom Communications Inc.
ZNB,Zeta Network Group
ZNTL,Zentalis Pharmaceuticals Inc.
ZONE,CleanCore Solutions Inc. Class B
ZOOZ,ZOOZ Strategy Ltd.
ZOOZW,ZOOZ Strategy Ltd. Warrant
ZS,Zscaler Inc.
ZSPC,zSpace Inc.
ZSTK,ZeroStack Corp.
ZTEK,Zentek Ltd.
ZTO,ZTO Express (Cayman) Inc.
ZTR,Virtus Total Return Fund Inc.
ZTS,Zoetis Inc.
ZUMZ,Zumiez Inc.
ZURA,Zura Bio Limited
ZVIA,Zevia PBC
ZVRA,Zevra Therapeutics Inc.
ZWS,Zurn Elkay Water Solutions Corporation
ZYBT,Zhengye Biotechnology Holding Limited
ZYME,Zymeworks Inc.
